1,2,3,4,5,6,7,8,9,10,11,12,13,14,15,16,17,18,19,20,21,22,23,24,25,26,27
Precio,Mayor o Menor 5m,RSI,Pendiente RSI,Oscilador Estocastico,Pendiente Oscilador Estocastico,Nivel MACD,Pendiente Nivel MACD,IMDM,Pendiente IMDM,ICPB,Pendiente ICPB,OA,Pendiente OA,RSIR,Pendiente RSIR,Williamso,Pendiente Williams,OU,Pendiente OU,Hora,Volumen,Volumen Pendiente,Mayor o Menor 1.5m,Mayor o Menor 2.5m,Mayor o Menor 3.5m,Mayor o Menor 4.5m
0.71721,['-'],59.28762,-19.725000000000037,83.68922,-23.668599999999884,0.00029,-9.999999999999972e-05,20.50858,0.0,122.23996,-260.66220000000015,0.00056,-0.00010000000000000026,92.4959,-44.025999999999925,-26.0355,-71.0059,63.46277,-13.506900000000073,13.41.03,220.877,0.5299999999999727,,,1,
0.71721,1,58.50274,-7.84879999999994,82.70303,-9.861900000000077,0.00028,-0.00010000000000000026,20.50858,0.0,110.84208,-113.9788,0.00056,0.0,90.74406,-17.518400000000014,-28.99408,-29.585800000000013,62.67348,-7.892900000000012,13.41.34,220.902,0.24999999999977263,,,1,
0.71721,1,58.97116,4.684199999999947,83.29474,5.917100000000062,0.00029,0.00010000000000000026,20.50858,0.0,117.72566,68.83580000000009,0.00056,0.0,91.78955,10.45490000000001,-27.21893,17.7515,63.14706,4.735800000000054,13.42.06,220.939,0.3700000000000614,,1,1,
0.71721,1,58.34825,-6.229099999999974,82.50579,-7.889499999999998,0.00028,-0.00010000000000000026,20.50858,0.0,108.52713,-91.98530000000005,0.00056,0.0,90.39924,-13.903099999999995,-29.5858,-23.668699999999987,62.51562,-6.314400000000049,13.42.43,220.965,0.2600000000001046,,1,1,
0.71729,1,60.92231,25.74060000000003,85.66161,31.558199999999914,0.0003,0.00019999999999999998,20.50858,0.0,144.06339,355.3626,0.00056,0.0,96.1445,57.452599999999876,-20.11834,94.67459999999998,65.04135,25.257299999999958,13.43.19,221.004,0.38999999999987267,1,1,1,
0.71732,1,61.94712,10.248099999999951,86.84504,11.834300000000013,0.0003,0.0,20.50858,0.0,156.67435,126.10960000000006,0.00056,0.0,98.43186,22.873600000000067,-16.56805,35.502900000000004,65.9885,9.471500000000077,13.43.56,221.058,0.5400000000000205,1,1,1,
0.71736,1,60.7548,-11.923199999999952,85.46437,-13.80669999999995,0.0003,0.0,20.50858,0.0,141.92708,-147.47270000000015,0.00056,0.0,95.77061,-26.612499999999955,-20.71006,-41.42009999999999,64.88349,-11.050100000000072,13.44.28,221.083,0,1,1,2,
0.7174,2,60.09385,-6.609499999999997,84.67541,-7.88960000000003,0.00029,-9.999999999999972e-05,20.50858,0.0,133.28076,-86.46320000000003,0.00056,0.0,94.29539,-14.752200000000073,-23.07692,-23.668600000000026,64.25206,-6.314299999999946,13.45.07,222.307,1,1,1,2,
0.71738,2,61.32541,12.315599999999947,85.79882,11.234100000000069,0.00032,0.00030000000000000024,21.00568,4.971000000000032,137.22026,39.395000000000095,0.00066,0.0010000000000000005,96.01808,17.2269,-17.15976,59.171600000000026,69.14475,48.92690000000002,13.45.42,222.344,1,1,2,1,
0.71739,1,61.50518,1.7977000000000487,85.99606,1.9723999999999364,0.00032,0.0,21.00568,0.0,139.16314,19.428800000000024,0.00066,0.0,96.40577,3.876900000000063,-16.56805,5.917099999999991,69.3058,1.6105000000000302,13.46.15,222.387,1,1,2,0,
0.71736,1,62.60632,11.011399999999938,87.17949,11.834300000000013,0.00033,9.999999999999972e-05,21.02738,0.21699999999999164,150.64995,114.86809999999991,0.00067,0.00010000000000000026,98.78047,23.7469999999999,-13.01775,35.503,69.92846,6.226599999999962,13.46.44,222.422,1,2,1,2,
0.71746,2,62.60632,0.0,87.17949,0.0,0.00033,0.0,21.07025,0.4287000000000063,150.64995,0.0,0.00067,0.0,98.78047,0.0,-13.01775,0.0,69.70151,-2.269500000000022,13.47.16,222.458,2,2,2,2,
0.71745,2,62.79369,1.8737000000000137,87.37673,1.9723999999999364,0.00033,0.0,21.15387,0.8361999999999981,152.53648,18.865300000000218,0.00067,0.0,99.18455,4.040800000000075,-12.42604,5.917099999999991,69.41103,-2.904800000000023,13.47.54,222.523,2,0,2,2,
0.71744,2,62.05086,-7.428299999999979,86.58777,-7.889599999999888,0.00032,-9.999999999999972e-05,21.17435,0.20479999999999166,144.94277,-75.93710000000016,0.00067,0.0,97.58259,-16.019600000000054,-14.7929,-23.66859999999999,68.66718,-7.438499999999948,13.48.26,222.576,2,2,2,2,
0.71743,2,61.68601,-3.64849999999997,86.19329,-3.944800000000015,0.00032,0.0,21.17435,0.0,141.09782,-38.44949999999983,0.00067,0.0,96.79574,-7.868500000000012,-15.97633,-11.834300000000013,68.351,-3.161800000000028,13.48.59,222.644,1,2,2,2,
0.71741,2,61.8679,1.8188999999999567,86.39053,1.9723999999999364,0.00032,0.0,21.17435,0.0,143.02434,19.265199999999822,0.00067,0.0,97.188,3.922600000000074,-15.38462,5.9171000000000085,68.50909,1.580900000000014,13.49.34,222.683,2,2,2,2,
0.71735,2,60.79236,-10.755399999999966,85.2071,-11.834300000000013,0.00032,0.0,21.17435,0.0,131.34187,-116.82469999999995,0.00067,0.0,94.8685,-23.19500000000005,-18.93491,-35.50289999999998,67.56053,-9.485600000000005,13.50.09,222.71,2,2,2,2,
0.71737,2,61.28408,4.917200000000008,85.40434,1.9724000000000785,0.00033,9.999999999999972e-05,21.79257,6.182200000000009,118.07766,-132.64210000000006,0.00069,0.00019999999999999944,93.11694,-17.515599999999978,-17.15976,17.7515,73.5425,59.81970000000004,13.50.44,222.778,2,2,2,2,
0.71745,2,61.9886,7.0451999999999515,86.19329,7.889499999999998,0.00033,0.0,21.79257,0.0,125.18425,71.06590000000011,0.00069,0.0,94.63631,15.19369999999995,-14.7929,23.66859999999999,74.22565,6.831499999999977,13.51.20,222.82,2,2,2,2,
0.71739,2,62.58084,5.922400000000039,87.17949,9.861999999999966,0.00034,0.00010000000000000026,21.79257,0.0,133.9174,87.3314999999998,0.0007,0.00010000000000000026,95.91353,12.772199999999998,-11.83432,29.585799999999995,74.28866,0.6300999999999135,13.51.51,222.846,2,2,2,2,
0.71732,2,61.28408,-12.96759999999999,85.40434,-17.751499999999965,0.00033,-0.00010000000000000026,21.79257,0.0,118.07766,-158.39739999999992,0.0007,0.0,93.11694,-27.965899999999948,-17.15976,-53.25439999999998,72.76983,-15.188299999999941,13.52.24,222.874,2,2,2,2,
0.71728,2,60.33515,-9.489300000000043,84.41815,-9.861900000000077,0.00032,-9.999999999999972e-05,21.40321,-3.8935999999999993,109.04027,-90.37389999999988,0.00069,-0.00010000000000000026,91.07049,-20.46449999999993,-20.11834,-29.585800000000013,72.35015,-4.196799999999996,13.52.53,222.898,2,0,2,2,
0.71726,2,59.05497,-12.801800000000014,83.03748,-13.80669999999995,0.00032,0.0,21.40321,0.0,96.09121,-129.49060000000003,0.00069,0.0,88.30967,-27.608200000000096,-24.26036,-41.42019999999999,71.19173,-11.584199999999925,13.53.29,222.958,0,1,2,2,
0.71727,2,60.52258,14.676100000000005,84.61538,15.778999999999996,0.00033,9.999999999999972e-05,21.40321,0.0,110.86166,147.70449999999997,0.00069,0.0,91.47469,31.650199999999984,-19.52663,47.33729999999998,72.51564,13.23909999999998,13.54.01,222.963,1,2,2,2,
0.7172,2,59.96376,-5.588199999999972,84.02367,-5.917100000000062,0.00032,-9.999999999999972e-05,21.40321,0.0,105.37634,-54.853200000000015,0.00069,0.0,90.26955,-12.051400000000001,-21.30178,-17.7515,72.01917,-4.964700000000022,13.54.34,223.001,1,2,2,1,
0.71717,1,57.14948,-28.142800000000037,80.86785,-31.558199999999914,0.00031,-0.00010000000000000026,21.04523,-3.579800000000013,75.0111,-303.6524,0.00068,-9.999999999999918e-05,84.20031,-60.692399999999935,-30.76923,-94.6745,69.83666,-21.825100000000077,13.55.01,223.035,2,2,2,1,
0.71726,2,59.12671,19.772300000000058,77.12032,-37.475299999999976,0.00031,0.0,20.92533,-1.1990000000000123,96.97532,219.64219999999997,0.00062,-0.0006000000000000005,74.75785,-94.42459999999997,-21.30178,94.6745,70.36702,5.303600000000017,13.55.36,223.075,2,2,2,0,
0.71728,2,58.75894,-3.6777000000000015,76.5286,-5.9172000000000935,0.00031,0.0,20.92533,0.0,91.56826,-54.07060000000001,0.00063,0.00010000000000000026,73.96473,-7.931200000000018,-23.07692,-17.751400000000004,68.29315,-20.738699999999994,13.56.11,223.153,2,2,2,2,
0.71727,2,58.25817,-5.007700000000028,75.73964,-7.88960000000003,0.0003,-0.00010000000000000026,20.92533,0.0,84.27201,-72.9625,0.00063,0.0,72.88476,-10.79970000000003,-25.44379,-23.668699999999987,67.6197,-6.7345000000000255,13.56.44,223.217,2,2,2,1,
0.71712,1,55.9378,-23.20369999999997,72.58383,-31.558099999999882,0.00029,-9.999999999999972e-05,20.92533,0.0,54.05405,-302.17959999999994,0.00063,0.0,67.88067,-50.04090000000005,-34.91124,-94.6745,64.92589,-26.93809999999999,13.57.19,223.324,0,1,1,1,
0.71709,1,57.48378,15.459800000000001,74.55621,19.72379999999987,0.0003,9.999999999999972e-05,20.57073,-3.545999999999978,73.13732,190.83270000000005,0.00062,-0.00010000000000000026,71.21472,33.34050000000005,-28.99408,59.17159999999999,67.15013,22.24240000000009,13.57.57,223.407,1,1,1,1,
0.71701,1,56.46153,-10.222499999999997,73.17554,-13.80669999999995,0.00029,-9.999999999999972e-05,20.57073,0.0,59.84958,-132.8774,0.00062,0.0,69.01014,-22.04579999999993,-33.13609,-41.420100000000026,65.99433,-11.557999999999993,13.58.30,223.491,1,1,1,1,
0.71707,1,55.08617,-13.753600000000006,71.59763,-15.779100000000028,0.00029,0.0,20.57073,0.0,44.25688,-155.927,0.00062,0.0,66.04406,-29.66080000000005,-37.86982,-47.33729999999994,64.67342,-13.20910000000012,13.59.07,223.554,1,1,1,1,
0.71712,1,56.81616,17.299900000000008,73.57002,19.723900000000043,0.00029,0.0,20.57073,0.0,63.67937,194.22489999999996,0.00062,0.0,69.77495,37.30890000000002,-31.95266,59.171599999999955,66.32456,16.511400000000123,13.59.38,223.6,1,1,1,1,
0.71721,1,57.08571,2.695499999999953,73.9645,3.944800000000015,0.0003,9.999999999999972e-05,20.57073,0.0,67.48239,38.030199999999965,0.00062,0.0,70.35625,5.812999999999988,-30.76923,11.834300000000013,66.65479,3.3023000000000025,14.00.11,223.691,1,1,1,0,
0.71719,1,56.3736,-7.121099999999956,66.66667,-72.97830000000005,0.00027,-0.0002999999999999997,20.13013,-4.405999999999999,56.15015,-113.32239999999999,0.0005,-0.0012,56.03171,-143.24540000000005,-33.13609,-23.668600000000026,63.81658,-28.382100000000037,14.00.39,223.738,1,1,1,1,
0.71726,2,57.3577,9.84099999999998,68.04734,13.806700000000092,0.00028,9.999999999999972e-05,20.13013,0.0,69.07828,129.2813000000001,0.0005,0.0,58.15402,21.22310000000006,-28.99408,41.420100000000026,65.02667,12.100899999999939,14.01.08,223.806,1,1,2,0,
0.71724,1,58.68896,13.312600000000003,70.01972,19.72380000000001,0.00029,0.00010000000000000026,20.13013,0.0,87.02643,179.48149999999998,0.00051,0.00010000000000000026,61.02499,28.709699999999998,-23.07692,59.17159999999999,65.95181,9.25139999999999,14.01.43,223.893,1,0,0,2,
0.71728,2,59.07227,3.833100000000016,70.61144,5.917199999999951,0.00029,0.0,20.13013,0.0,92.29539,52.68959999999993,0.00051,0.0,61.85165,8.266599999999968,-21.30178,17.751400000000004,66.46313,5.11320000000012,14.02.20,223.928,1,2,2,2,
0.71731,2,59.57243,5.001599999999939,71.40039,7.889499999999998,0.00029,0.0,20.13013,0.0,99.24005,69.44659999999999,0.00051,0.0,62.93029,10.7864,-18.93491,23.668700000000022,67.14489,6.81759999999997,14.02.48,223.952,2,2,2,2,
0.71737,2,54.1352,-54.372299999999996,64.10256,-72.97830000000005,0.00026,-0.00030000000000000024,20.13013,0.0,31.30288,-679.3716999999999,0.00051,0.0,51.20438,-117.25909999999999,-40.8284,-218.93490000000003,60.73593,-64.0896,14.03.22,224.004,2,2,2,2,
0.71741,2,61.11675,69.81550000000006,73.9645,98.61940000000004,0.0003,0.00039999999999999996,20.29014,1.6000999999999976,121.19444,898.9155999999999,0.00052,9.999999999999918e-05,66.26075,150.5637,-11.2426,295.858,67.84024,71.04309999999991,14.03.56,224.033,2,2,2,2,
0.71729,2,59.57243,-15.443200000000061,71.40039,-25.641099999999994,0.00029,-9.999999999999972e-05,20.29014,0.0,99.24005,-219.54390000000004,0.00052,0.0,62.93029,-33.30460000000002,-18.93491,-76.92309999999999,65.68074,-21.594999999999942,14.04.30,224.08,2,2,2,2,
0.71724,2,58.81752,-7.549099999999953,70.21696,-11.834300000000013,0.00029,0.0,20.29014,0.0,88.78856,-104.51489999999993,0.00052,0.0,61.30226,-16.280300000000025,-22.48521,-35.503,64.68405,-9.96690000000001,14.04.59,224.133,2,2,2,2,
0.71721,2,59.14032,3.2280000000000086,72.78107,25.641099999999994,0.00028,-0.00010000000000000026,20.02958,-2.605600000000017,84.40019,-43.88370000000009,0.00047,-0.0004999999999999997,64.91064,36.08380000000004,-21.30178,11.834299999999978,62.23154,-24.525099999999966,14.05.31,224.19,2,2,2,2,
0.71724,2,57.77317,-13.671500000000023,71.00592,-17.751499999999965,0.00028,0.0,20.02958,0.0,69.15789,-152.423,0.00046,-9.999999999999972e-05,61.96225,-29.483900000000034,-26.62722,-53.254400000000004,61.28997,-9.415700000000058,14.06.03,224.24,2,2,2,2,
0.71726,2,58.3085,5.353300000000019,71.59763,5.91709999999992,0.00028,0.0,20.02958,0.0,74.28681,51.28920000000008,0.00046,0.0,63.11674,11.544900000000027,-24.85207,17.7515,61.83488,5.449100000000016,14.06.33,224.282,2,2,2,2,
0.71721,2,57.77317,-5.353300000000019,71.00592,-5.91709999999992,0.00028,0.0,20.02958,0.0,69.15789,-51.28920000000008,0.00046,0.0,61.96225,-11.544900000000027,-26.62722,-17.7515,61.07031,-7.645699999999991,14.07.03,224.329,2,2,2,2,
0.71718,2,57.38507,-3.8810000000000144,70.61144,-3.944800000000015,0.00027,-9.999999999999972e-05,20.02958,0.0,65.71139,-34.465,0.00045,-0.00010000000000000026,61.12528,-8.369700000000009,-27.81065,-11.834299999999978,62.09427,10.239600000000024,14.07.39,224.393,2,2,2,2,
0.71711,2,57.00215,-3.829199999999986,70.21696,-3.944800000000015,0.00027,0.0,20.02958,0.0,62.24287,-34.68519999999991,0.00045,0.0,60.29948,-8.257999999999939,-28.99408,-11.834300000000013,61.74739,-3.4687999999999874,14.08.14,224.43,2,2,2,2,
0.71704,2,55.70125,-13.008999999999986,68.83629,-13.80669999999995,0.00027,0.0,20.02958,0.0,49.92658,-123.16290000000002,0.00044,-9.999999999999972e-05,57.49397,-28.055100000000053,-33.13609,-41.420100000000026,61.21542,-5.319700000000012,14.08.51,224.525,2,2,2,2,
0.71701,2,54.80781,-8.934399999999982,67.8501,-9.861900000000077,0.00026,-0.00010000000000000026,20.02958,0.0,40.95732,-89.69259999999998,0.00044,0.0,55.56719,-19.26780000000001,-36.09467,-29.585799999999978,60.36556,-8.498599999999996,14.09.25,224.565,2,2,2,2,
0.71695,2,53.7728,-10.350100000000069,66.66667,-11.834300000000013,0.00026,0.0,19.65579,-3.7378999999999962,29.9995,-109.57820000000001,0.00043,-0.00010000000000000026,53.33509,-22.320999999999955,-39.64497,-35.503,60.03748,-3.2807999999999993,14.09.58,224.645,1,2,1,2,
0.71699,2,54.01388,2.4108000000000374,64.49704,-21.69629999999998,0.00023,-0.0002999999999999997,19.06676,-5.8903000000000105,31.64179,16.42289999999999,0.00033,-0.0009999999999999998,47.3893,-59.45790000000002,-38.46154,11.834300000000013,59.52594,-5.115400000000037,14.10.31,224.72,2,2,2,2,
0.71701,2,54.31184,2.9795999999999623,64.89152,3.944800000000015,0.00023,0.0,19.06676,0.0,35.31746,36.75669999999997,0.00033,0.0,48.03188,6.425800000000024,-37.27811,11.834300000000013,59.35907,-1.6686999999999585,14.11.00,224.768,2,2,2,2,
0.71698,0,53.86343,-4.484099999999955,64.2998,-5.917199999999951,0.00023,0.0,19.06676,0.0,29.79572,-55.21739999999998,0.00033,0.0,47.06486,-9.67019999999998,-39.05325,-17.751400000000004,58.82407,-5.350000000000037,14.11.33,224.789,2,2,0,1,
0.71696,1,53.712,-1.5142999999999773,64.10256,-1.9724000000000785,0.00023,0.0,19.06676,0.0,27.94411,-18.51610000000001,0.00032,-9.999999999999972e-05,46.73829,-3.265700000000038,-39.64497,-5.917200000000022,59.38471,5.606399999999994,14.12.05,224.834,1,2,1,1,
0.71696,1,53.40614,-3.058600000000027,63.70809,-3.944699999999983,0.00023,0.0,19.06676,0.0,24.22422,-37.198899999999995,0.00032,0.0,46.07866,-6.596299999999999,-40.8284,-11.834300000000013,59.0354,-3.4930999999999557,14.12.39,224.873,2,1,1,2,
0.7169,1,54.75161,13.454699999999988,65.48323,17.751400000000075,0.00024,9.999999999999999e-05,19.06676,0.0,40.79012,165.65900000000002,0.00032,0.0,48.98029,29.016299999999973,-35.50296,53.254400000000004,60.60726,15.718599999999938,14.13.12,224.941,2,1,1,2,
0.71687,2,53.09621,-16.554000000000002,63.31361,-21.69620000000009,0.00023,-9.999999999999999e-05,19.06676,0.0,20.48193,-203.08190000000002,0.00032,0.0,45.41027,-35.700199999999995,-42.01183,-65.08870000000002,58.6861,-19.211599999999933,14.13.48,224.983,1,1,1,2,
0.71697,2,53.25169,1.5548000000000428,63.51085,1.9724000000000075,0.00023,0.0,18.7,-3.667599999999993,22.35589,18.739600000000003,0.00031,-0.00010000000000000026,45.74557,3.353000000000037,-41.42012,5.917100000000062,59.58008,8.939799999999991,14.14.17,225.049,1,1,2,2,
0.71689,2,53.86343,6.117399999999975,64.2998,7.889500000000069,0.00023,0.0,18.7,0.0,29.79572,74.3983,0.00031,0.0,47.06486,13.192900000000023,-39.05325,23.668699999999987,60.2646,6.845199999999991,14.14.49,225.119,1,1,2,2,
0.71687,2,51.64063,-22.227999999999994,56.01578,-82.84020000000005,0.0002,-0.0003,17.81247,-8.875299999999982,-1.20813,-310.0385,0.00022,-0.0008999999999999999,30.99897,-160.65890000000002,-46.74556,-76.92309999999999,57.50061,-27.639899999999997,14.15.25,225.189,1,2,2,2,
0.71698,2,53.10821,14.675799999999981,57.59369,15.779100000000028,0.0002,0.0,17.81247,0.0,15.33192,165.4005,0.00023,9.999999999999999e-05,34.16392,31.649499999999975,-42.01183,47.33729999999994,58.30676,8.061499999999953,14.15.59,225.235,2,2,2,2,
0.71698,2,53.44164,3.334299999999999,57.98817,3.944799999999944,0.00021,9.999999999999999e-05,17.81247,0.0,19.40695,40.75029999999998,0.00023,0.0,34.883,7.190800000000053,-40.8284,11.834300000000013,58.25772,-0.49039999999997974,14.16.33,225.259,2,2,2,2,
0.717,2,54.88523,14.435900000000004,59.76331,17.751400000000004,0.00021,0.0,17.81247,0.0,37.45318,180.46230000000003,0.00024,9.999999999999999e-05,37.99623,31.132299999999944,-35.50296,53.254400000000004,59.3083,10.505800000000036,14.17.10,225.311,2,2,2,2,
0.71705,2,55.04012,1.5489000000000175,59.96055,1.9724000000000075,0.00021,0.0,18.1888,3.763299999999994,39.4294,19.76219999999998,0.00025,9.999999999999999e-05,38.33027,3.3404000000000167,-34.91124,5.917200000000022,58.30729,-10.010100000000008,14.17.48,225.401,2,2,2,2,
0.71691,2,55.64919,6.090699999999956,60.74951,7.88960000000003,0.00022,9.999999999999999e-05,18.1888,0.0,47.27756,78.4816,0.00025,0.0,39.6438,13.1353,-32.54438,23.668600000000026,58.9749,6.676099999999963,14.18.16,225.451,2,2,2,2,
0.71678,2,52.56191,-30.872799999999998,57.00197,-37.47540000000001,0.0002,-0.00019999999999999998,18.1888,0.0,9.17431,-381.0325,0.00025,0.0,32.98579,-66.58009999999997,-43.78698,-112.42600000000003,55.80375,-31.711499999999972,14.18.51,225.523,2,2,2,2,
0.71677,2,50.06123,-25.006799999999956,54.24063,-27.61339999999997,0.00019,-9.999999999999999e-05,18.1888,0.0,-19.69697,-288.71279999999996,0.00024,-9.999999999999999e-05,27.59283,-53.92960000000002,-52.07101,-82.84030000000001,54.26064,-15.431099999999986,14.19.20,225.53,2,2,2,2,
0.71676,2,49.89168,-1.6955000000000098,54.04339,-1.9724000000000075,0.00019,0.0,18.1888,0.0,-21.71799,-20.2102,0.00024,0.0,27.22719,-3.6563999999999908,-52.66272,-5.917099999999991,54.09693,-1.637100000000018,14.19.52,225.603,2,2,2,2,
0.71677,2,50.61221,7.205299999999966,51.47929,-25.641000000000034,0.00016,-0.0003,17.71411,-4.7468999999999895,-15.60758,61.104099999999995,0.00016,-0.0007999999999999999,22.20776,-50.1943,-50.29586,23.668600000000026,54.16024,0.6331000000000131,14.20.20,225.68,2,2,2,2,
0.71668,2,48.99813,-16.140799999999942,49.70414,-17.751499999999965,0.00016,0.0,17.71411,0.0,-34.15706,-185.49480000000003,0.00015,-0.00010000000000000026,18.72685,-34.809100000000015,-55.6213,-53.254400000000004,53.45651,-7.037300000000002,14.20.57,225.736,2,2,2,2,
0.71674,2,47.46787,-15.302600000000055,47.92899,-17.751500000000036,0.00015,-0.00010000000000000026,17.33148,-3.8263000000000247,-52.1645,-180.07439999999994,0.00015,0.0,15.96036,-27.664899999999992,-60.94675,-53.254500000000036,52.77882,-6.7768999999999835,14.21.29,225.809,2,2,2,2,
0.71666,2,48.30601,8.381400000000028,48.91519,9.862000000000037,0.00015,0.0,17.33148,0.0,-42.22586,99.3864,0.00015,0.0,17.23422,12.738600000000009,-57.98817,29.58580000000005,53.59427,8.154499999999985,14.22.02,225.876,2,2,2,2,
0.71669,2,47.79961,-5.063999999999993,48.32347,-5.917200000000022,0.00015,0.0,17.33148,0.0,-48.20847,-59.82610000000001,0.00015,0.0,16.14214,-10.920799999999993,-59.76331,-17.751400000000004,53.105,-4.892700000000048,14.22.38,225.902,2,2,2,2,
0.71662,2,49.17427,13.746599999999987,49.90138,15.779100000000028,0.00016,0.00010000000000000026,17.33148,0.0,-32.12321,160.85259999999997,0.00015,0.0,19.10671,29.645699999999984,-55.02959,47.33719999999998,54.40972,13.047200000000032,14.23.08,225.961,2,2,2,0,
0.71666,2,47.96723,-12.070399999999992,48.52071,-13.80670000000002,0.00015,-0.00010000000000000026,17.33148,0.0,-46.22077,-140.97560000000001,0.00015,0.0,16.50361,-26.031000000000013,-59.1716,-41.42009999999999,53.26809,-11.416299999999993,14.23.37,225.989,2,2,2,2,
0.71664,2,47.96723,0.0,48.52071,0.0,0.00015,0.0,17.33148,0.0,-46.22077,0.0,0.00015,0.0,16.50361,0.0,-59.1716,0.0,53.26809,0.0,14.24.06,225.999,2,2,2,1,
0.71665,1,47.96723,0.0,48.52071,0.0,0.00015,0.0,17.33148,0.0,-46.22077,0.0,0.00015,0.0,16.50361,0.0,-59.1716,0.0,53.26809,0.0,14.24.45,226.03,2,2,2,1,
0.71661,1,46.91684,-10.503900000000002,40.30243,-82.1828,0.00011,-0.0003999999999999998,16.5354,-7.960799999999999,-64.62585,-184.05079999999998,4e-05,-0.0010999999999999998,4.8753,-116.28309999999999,-66.66667,-74.95069999999998,54.9256,16.57510000000002,14.25.22,226.09,2,1,1,1,
0.71662,1,47.62041,7.035699999999991,41.14101,8.385800000000003,0.00012,9.999999999999999e-05,16.16242,-3.729799999999983,-56.39269,82.33159999999998,2e-05,-0.0002,4.8753,0.0,-64.15094,25.157299999999907,57.20352,22.779199999999946,14.26.00,226.126,2,2,1,1,
0.71653,1,47.09077,-5.2964000000000055,40.51208,-6.28930000000004,0.00011,-9.999999999999999e-05,16.16242,0.0,-62.57808,-61.85389999999998,2e-05,0.0,4.8753,0.0,-66.03774,-18.867999999999938,56.6931,-5.104199999999963,14.26.34,226.186,1,1,1,1,
0.71652,1,46.40265,-6.8811999999999784,39.6735,-8.385800000000003,0.00011,0.0,16.16242,0.0,-70.72758,-81.49500000000003,2e-05,0.0,4.8753,0.0,-68.55346,-25.157200000000017,56.01255,-6.805500000000038,14.27.06,226.241,1,1,1,1,
0.71647,1,45.89961,-5.030399999999986,39.04457,-6.289299999999969,0.00011,0.0,16.16242,0.0,-76.76768,-60.400999999999954,2e-05,0.0,4.8753,0.0,-70.44025,-18.86790000000005,55.50214,-5.1041000000000025,14.27.38,226.295,1,1,1,1,
0.71658,1,46.06608,1.6646999999999679,39.25421,2.0964000000000027,0.00011,0.0,16.36263,2.0020999999999844,-74.7611,20.065799999999996,1e-05,-0.0001,4.8753,0.0,-69.81132,6.289300000000111,56.43974,9.376000000000033,14.28.11,226.384,1,1,1,1,
0.71662,1,46.74418,6.781000000000006,40.09279,8.385800000000003,0.00011,0.0,16.36263,0.0,-66.66667,80.94430000000003,1e-05,0.0,4.8753,0.0,-67.2956,25.157200000000017,57.10707,6.673299999999998,14.28.44,226.448,1,1,1,1,
0.71658,1,47.62041,8.762299999999996,41.14101,10.482200000000006,0.00012,9.999999999999999e-05,16.36263,0.0,-56.39269,102.73979999999995,1e-05,0.0,4.8753,0.0,-64.15094,31.446599999999876,57.94123,8.341599999999971,14.29.14,226.534,1,1,1,1,
0.71667,1,47.99531,3.749000000000038,41.56029,4.192800000000005,0.00012,0.0,16.36263,0.0,-52.23368,41.59010000000002,1e-05,0.0,5.29966,4.243600000000001,-62.89308,12.57860000000008,58.27489,3.3366000000000184,14.29.48,226.602,1,1,1,1,
0.71682,2,51.24336,32.48049999999999,42.01381,4.535199999999975,0.00011,-9.999999999999999e-05,15.42576,-9.36869999999999,-20.14925,320.8443,-4e-05,-0.0005,10.95735,56.576899999999995,-55.7047,71.88379999999995,59.95837,16.83480000000003,14.30.19,226.713,1,2,2,2,
0.71683,2,50.68333,-5.600300000000047,41.34267,-6.711400000000012,0.00011,0.0,15.28091,-1.4484999999999992,-27.0872,-69.37950000000001,-5e-05,-9.999999999999999e-05,9.74298,-12.143700000000006,-57.71812,-20.134199999999964,59.91189,-0.4648000000000252,14.30.52,226.735,1,2,2,2,
0.71683,2,51.0581,3.7477000000000515,41.79009,4.47420000000001,0.00011,0.0,15.28091,0.0,-22.47052,46.16679999999999,-5e-05,0.0,10.55564,8.12660000000001,-56.37584,13.422800000000024,60.25333,3.4143999999999863,14.31.20,226.754,2,2,2,2,
0.7168,2,51.0581,0.0,41.79009,0.0,0.00011,0.0,15.28091,0.0,-22.47052,0.0,-5e-05,0.0,10.55564,0.0,-56.37584,0.0,60.25333,0.0,14.31.55,226.824,1,2,2,2,
0.71687,2,50.11029,-9.47810000000004,40.67153,-11.185600000000022,0.0001,-9.999999999999999e-05,15.28091,0.0,-33.94834,-114.77820000000001,-5e-05,0.0,8.50038,-20.552600000000005,-59.73154,-33.55700000000006,59.39973,-8.536000000000001,14.32.29,226.866,2,2,2,2,
0.7169,2,54.19114,40.80849999999998,45.81694,51.454100000000054,0.00012,0.00019999999999999998,15.63512,3.5421000000000014,20.05856,540.069,-4e-05,9.999999999999999e-05,17.34937,88.4899,-44.2953,154.36240000000004,62.15924,27.595099999999988,14.33.06,226.934,2,2,2,2,
0.71681,2,51.42722,-27.639199999999988,42.23752,-35.79419999999999,0.00011,-9.999999999999999e-05,15.66557,0.3045000000000009,-17.81931,-378.7787,-4e-05,0.0,11.35604,-59.9333,-55.03356,-107.38260000000004,59.38768,-27.715599999999938,14.33.41,226.997,2,2,2,2,
0.71681,2,50.11029,-13.169299999999993,40.67153,-15.659900000000064,0.0001,-9.999999999999999e-05,15.66557,0.0,-33.94834,-161.2903,-4e-05,0.0,8.50038,-28.556600000000003,-59.73154,-46.97980000000001,58.22045,-11.672300000000035,14.34.15,227.031,2,2,2,2,
0.71677,2,50.49379,3.8349999999999795,41.11895,4.47420000000001,0.0001,0.0,15.66557,0.0,-29.38272,45.65620000000003,-4e-05,0.0,9.33196,8.315800000000007,-58.38926,13.422800000000024,58.55395,3.335000000000008,14.34.42,227.065,2,2,2,2,
0.71679,2,49.9163,-5.774899999999974,40.44781,-6.711400000000012,0.0001,0.0,15.66557,0.0,-36.21854,-68.35819999999998,-4e-05,0.0,8.07973,-12.522300000000008,-60.40268,-20.134199999999964,58.05371,-5.00239999999998,14.35.13,227.097,2,2,2,2,
0.7167,2,50.00569,0.8939000000000163,42.24811,18.003,9e-05,-9.999999999999999e-05,15.0183,-6.472700000000007,-36.03264,1.8589999999999662,-9e-05,-0.0005,15.95796,78.78229999999999,-59.73154,6.711399999999941,59.77519,17.214799999999997,14.35.48,227.146,0,2,2,2,
0.7167,2,49.809,-1.966900000000038,42.0244,-2.2370999999999697,9e-05,0.0,15.0183,0.0,-38.34586,-23.13220000000001,-9e-05,0.0,15.53146,-4.265000000000008,-60.40268,-6.711399999999941,59.59684,-1.7835000000000178,14.36.20,227.186,2,2,2,1,
0.71671,1,48.66063,-11.483699999999999,40.68212,-13.422800000000024,8e-05,-9.999999999999999e-05,15.0183,0.0,-52.04461,-136.98749999999995,-9e-05,0.0,13.0413,-24.901599999999995,-64.42953,-40.26850000000003,58.52669,-10.701499999999982,14.36.53,227.214,2,2,2,1,
0.7167,1,48.47436,-1.8627000000000038,40.4584,-2.2372000000000014,8e-05,0.0,14.66313,-3.551699999999993,-54.29808,-22.5347,-0.0001,-9.999999999999999e-05,12.6374,-4.0390000000000015,-65.10067,-6.711399999999941,59.08654,5.598499999999973,14.37.28,227.249,2,2,1,1,
0.7167,1,49.809,13.346400000000003,42.0244,15.660000000000025,9e-05,9.999999999999999e-05,14.66313,0.0,-38.34586,159.52219999999997,-0.0001,0.0,15.53146,28.940599999999996,-60.40268,46.97989999999997,60.30952,12.229799999999997,14.37.58,227.27,2,2,1,1,
0.71662,1,49.61386,-1.9513999999999498,41.80068,-2.2372000000000014,9e-05,0.0,14.66313,0.0,-40.65041,-23.04549999999999,-0.0001,0.0,15.1083,-4.231599999999993,-61.07383,-6.7115000000000435,60.1348,-1.7472000000000065,14.38.32,227.316,2,1,1,1,
0.71661,1,48.10607,-15.0779,40.01097,-17.897099999999995,8e-05,-9.999999999999999e-05,14.66313,0.0,-58.78004,-181.29629999999997,-0.0001,0.0,11.83879,-32.695100000000004,-66.44295,-53.69119999999995,58.73712,-13.976800000000011,14.39.01,227.36,2,1,1,1,
0.71664,1,47.92402,-1.8205000000000382,39.78726,-2.2370999999999697,8e-05,0.0,14.66313,0.0,-61.00861,-22.285699999999977,-0.0001,0.0,11.44402,-3.947699999999994,-67.11409,-6.711400000000083,58.56241,-1.7470999999999748,14.39.30,227.4,1,1,1,1,
0.71665,1,49.03749,11.134699999999995,41.12954,13.422799999999953,9e-05,9.999999999999999e-05,14.66313,0.0,-47.51244,134.96169999999998,-0.0001,0.0,13.8585,24.144799999999993,-63.08725,40.26840000000007,59.61067,10.48259999999999,14.40.08,227.444,1,1,1,1,
0.7166,1,46.51573,-25.217600000000004,36.68904,-44.405,6e-05,-0.00030000000000000003,13.73229,-9.308399999999999,-80.3995,-328.8706,-0.00015,-0.0004999999999999998,10.55041,-33.0809,-71.81208,-87.24829999999997,59.87212,2.614500000000035,14.40.40,227.485,1,1,1,1,
0.71657,1,46.51573,0.0,36.68904,0.0,6e-05,0.0,13.73229,0.0,-80.3995,0.0,-0.00016,-0.00010000000000000026,10.55041,0.0,-71.81208,0.0,60.61024,7.38119999999995,14.41.18,227.556,1,1,1,1,
0.71673,1,45.97019,-5.455399999999955,36.0179,-6.711400000000012,6e-05,0.0,13.84644,1.1414999999999864,-87.02669,-66.27189999999999,-0.00017,-9.999999999999999e-05,10.55041,0.0,-73.8255,-20.134200000000106,60.77396,1.6372000000000497,14.41.55,227.586,1,1,1,1,
0.71696,2,52.2252,62.550099999999986,43.17673,71.58830000000002,8e-05,0.00020000000000000004,13.84644,0.0,-12.27723,747.4946,-0.00016,9.999999999999999e-05,20.14694,95.96530000000001,-52.34899,214.76510000000005,65.24476,44.70799999999997,14.42.32,227.682,2,2,1,2,
0.71687,1,52.77901,5.538099999999986,43.84787,6.711400000000012,8e-05,0.0,14.25499,4.0855,-4.78088,74.9635,-0.00015,0.00010000000000000026,21.34784,12.009000000000007,-50.33557,20.134200000000035,64.05197,-11.927900000000022,14.43.08,227.778,1,1,1,2,
0.7168,1,50.6828,-20.962099999999992,41.38702,-24.608500000000006,7e-05,-0.00010000000000000013,14.25499,0.0,-31.83886,-270.5798,-0.00015,0.0,16.80237,-45.45470000000002,-57.71812,-73.82550000000002,62.1647,-18.872699999999938,14.43.41,227.838,1,1,1,1,
0.71683,1,48.03589,-26.469099999999983,38.47875,-29.082700000000017,6e-05,-9.999999999999992e-05,14.25499,0.0,-62.35741,-305.1855,-0.00015,0.0,11.06276,-57.39609999999999,-66.44295,-87.24829999999997,59.93428,-22.304200000000023,14.44.12,227.867,1,1,2,2,
0.71693,2,52.59584,45.599500000000006,43.62416,51.454100000000054,8e-05,0.00020000000000000004,14.25499,0.0,-7.2896,550.6781,-0.00015,0.0,20.95064,98.87879999999998,-51.00671,154.36239999999998,63.8804,39.461200000000005,14.44.47,227.899,1,2,2,2,
0.71693,2,51.81868,-7.771600000000021,44.27626,6.520999999999972,7e-05,-0.00010000000000000013,13.876,-3.7898999999999994,-22.67003,-153.80429999999998,-0.00012,0.0002999999999999998,20.58919,-3.614500000000014,-51.06383,-0.5712000000000472,64.02184,1.414399999999958,14.45.26,228.561,2,2,2,2,
0.71692,2,53.03031,12.116299999999995,45.6947,14.184399999999968,8e-05,0.00010000000000000013,13.876,0.0,-6.78541,158.8462,-0.00011,9.999999999999999e-05,23.21652,26.273300000000006,-46.80851,42.55320000000005,64.50845,4.866099999999989,14.45.55,228.569,2,2,2,2,
0.71693,2,52.43974,-5.905699999999996,44.98548,-7.0921999999999485,8e-05,0.0,13.876,0.0,-14.76793,-79.8252,-0.00011,0.0,21.9359,-12.80619999999999,-48.93617,-21.276599999999988,63.97943,-5.290199999999956,14.46.33,228.607,2,2,2,2,
0.71697,2,52.63824,1.9850000000000279,45.22189,2.3640999999999934,8e-05,0.0,13.876,0.0,-12.11609,26.5184,-0.00011,0.0,22.36634,4.304400000000008,-48.22695,7.0921999999999485,63.81422,-1.6521000000000186,14.47.03,228.653,2,2,2,2,
0.7169,2,53.41595,7.77709999999999,46.16752,9.456300000000013,8e-05,0.0,14.0037,1.2770000000000081,-1.41844,106.97649999999999,-0.00011,0.0,24.05274,16.86399999999999,-45.39007,28.368800000000007,64.0607,2.4647999999999826,14.47.38,228.681,2,2,2,2,
0.71691,2,53.03031,-3.856400000000022,45.6947,-4.728200000000058,8e-05,0.0,14.0037,0.0,-6.78541,-53.6697,-0.00011,0.0,23.21652,-8.362200000000009,-46.80851,-14.184399999999968,63.71301,-3.4769000000000005,14.48.16,228.733,2,2,2,2,
0.71682,0,46.18189,-68.48419999999997,37.42047,-82.74229999999996,5e-05,-0.00030000000000000003,14.0037,0.0,-94.12541,-873.4,-0.00011,0.0,11.87417,-113.42349999999999,-71.63121,-248.22699999999998,57.62853,-60.84479999999999,14.48.47,228.765,2,2,2,0,
0.71685,2,49.92745,37.455599999999976,42.1486,47.2813,7e-05,0.0001999999999999999,14.0037,0.0,-45.7732,483.52209999999997,-0.00011,0.0,16.48822,46.14049999999999,-57.44681,141.84399999999997,61.10538,34.76849999999999,14.49.20,228.819,2,2,2,2,
0.71682,2,51.38613,14.58680000000001,43.80345,16.54849999999996,7e-05,0.0,14.0037,0.0,-27.894,178.79200000000003,-0.00011,0.0,19.65124,31.63020000000003,-52.48227,49.645399999999995,62.32227,12.168900000000065,14.49.55,228.841,2,2,0,2,
0.71671,1,49.77219,-16.139399999999995,46.39282,25.893700000000024,6e-05,-9.999999999999992e-05,13.37321,-6.3049,-50.55698,-226.62980000000005,-7e-05,0.0004000000000000001,23.0537,34.02459999999998,-57.44681,-49.645399999999995,66.04828,37.26010000000002,14.50.32,228.87,1,1,1,1,
0.7167,1,48.30023,-14.719600000000028,44.73797,-16.548500000000033,6e-05,0.0,13.37321,0.0,-68.72707,-181.70089999999993,-7e-05,0.0,19.56605,-34.876499999999986,-62.41135,-49.645399999999995,64.73946,-13.088200000000114,14.51.09,228.903,1,1,1,1,
0.71679,1,49.55644,12.56210000000003,46.15641,14.18440000000004,6e-05,0.0,13.37321,0.0,-53.17936,155.47709999999995,-7e-05,0.0,22.5425,29.764499999999998,-58.15603,42.553199999999975,65.86131,11.218500000000091,14.51.41,228.968,1,2,1,1,
0.7168,1,51.33668,17.80239999999999,48.04766,18.912499999999994,7e-05,9.999999999999992e-05,13.37321,0.0,-31.94565,212.33710000000002,-6e-05,9.999999999999992e-05,26.76059,42.1809,-52.48227,56.737600000000015,67.22743,13.661199999999951,14.52.14,229.028,1,2,1,1,
0.71681,1,50.43086,-9.058199999999985,47.10204,-9.456199999999981,6e-05,-9.999999999999992e-05,13.37321,0.0,-42.63566,-106.90010000000001,-6e-05,0.0,24.61433,-21.462600000000016,-55.31915,-28.368800000000007,65.60096,-16.264699999999976,14.52.48,229.07,2,1,1,1,
0.71671,1,50.20937,-2.2149000000000285,46.86563,-2.3640999999999934,6e-05,0.0,13.37321,0.0,-45.28518,-26.495199999999954,-6e-05,0.0,24.08955,-5.247799999999998,-56.02837,-7.09220000000002,65.41724,-1.8371999999999389,14.53.21,229.123,1,1,1,1,
0.71682,1,49.77219,-4.371799999999979,46.39282,-4.728100000000026,6e-05,0.0,13.37321,0.0,-50.55698,-52.71800000000006,-6e-05,0.0,23.0537,-10.3585,-57.44681,-14.184399999999968,65.04979,-3.6745000000000516,14.54.00,229.199,1,1,1,1,
0.71682,1,50.6543,8.821099999999973,47.33844,9.456199999999981,6e-05,0.0,13.37321,0.0,-39.97699,105.79990000000002,-6e-05,0.0,25.14377,20.900700000000008,-54.60993,28.368800000000007,65.53737,4.875799999999941,14.54.35,229.223,1,1,1,1,
0.71674,1,52.25502,16.007200000000026,48.99329,16.548500000000033,7e-05,9.999999999999992e-05,13.37321,0.0,-21.10626,188.7073,-6e-05,0.0,28.9365,37.92729999999999,-49.64539,49.645399999999995,66.81788,12.805100000000067,14.55.12,229.258,1,1,1,1,
0.71676,1,49.24446,-30.105600000000052,45.89417,-30.991199999999992,5e-05,-0.0001999999999999999,12.78776,-5.854499999999998,-72.58835,-514.8209,-6e-05,0.0,20.59952,-83.3698,-57.35294,-77.07549999999998,66.62855,-1.8932999999999822,14.55.46,229.309,1,1,1,1,
0.7169,0,52.46869,32.24230000000006,49.32555,34.31379999999997,6e-05,9.999999999999999e-05,12.78776,0.0,-30.96985,416.185,-6e-05,0.0,30.96656,103.67040000000003,-47.05882,102.9412,68.97461,23.460599999999943,14.56.23,229.36,2,1,1,2,
0.71694,2,52.46869,0.0,49.32555,0.0,6e-05,0.0,12.93115,1.4339000000000013,-30.96985,0.0,-5e-05,9.999999999999999e-05,30.96656,0.0,-47.05882,0.0,67.93259,-10.420199999999937,14.56.54,229.409,2,2,2,2,
0.71693,2,54.15439,16.85699999999997,51.28633,19.607799999999997,7e-05,9.999999999999992e-05,13.03477,1.0361999999999938,-6.27995,246.899,-5e-05,0.0,36.38666,54.20099999999998,-41.17647,58.82349999999995,69.00247,10.698799999999977,14.57.27,229.483,1,1,2,2,
0.7169,2,53.74428,-4.10109999999996,50.79613,-4.902000000000015,7e-05,0.0,13.03477,0.0,-12.51647,-62.365199999999994,-5e-05,0.0,35.068,-13.186600000000013,-42.64706,-14.705900000000014,68.63966,-3.628099999999961,14.57.58,229.524,0,0,2,,
0.71688,['-'],53.53646,-2.0782000000000522,50.55104,-2.450899999999976,7e-05,0.0,13.03477,0.0,-15.61858,-31.021099999999997,-5e-05,0.0,34.39978,-6.68219999999998,-43.38235,-7.352899999999991,68.45825,-1.8140999999999963,14.58.28,229.579,1,2,2,,
0.7169,['-'],53.95025,4.137899999999988,51.04123,4.9018999999999835,7e-05,0.0,13.03477,0.0,-9.40361,62.14969999999999,-5e-05,0.0,35.73027,13.304899999999975,-41.91176,14.705900000000014,68.82106,3.628099999999961,14.59.04,229.607,0,2,,,
0.71696,['-'],53.95025,0.0,51.04123,0.0,7e-05,0.0,13.03477,0.0,-9.40361,0.0,-5e-05,0.0,35.73027,0.0,-41.91176,0.0,68.82106,0.0,14.59.35,229.641,2,2,,,
0.7169,['-'],54.5573,6.07050000000001,51.77653,7.353000000000023,7e-05,0.0,13.13521,1.0044000000000075,0.0,94.0361,-5e-05,0.0,37.68214,19.518699999999995,-39.70588,22.058800000000005,68.97731,1.5625,15.00.08,229.698,2,,,,
0.71697,['-'],52.93487,-16.224300000000014,53.28976,15.1323,7e-05,0.0,12.9142,-2.210100000000015,-25.9608,-259.60799999999995,0.0,0.0005,43.05198,53.698400000000035,-43.60902,-39.031400000000005,67.32104,-16.562700000000063,15.00.43,229.73,2,,,,
0.7169,['-'],53.18512,2.502500000000012,53.54039,2.50630000000001,7e-05,0.0,12.9142,0.0,-22.77749,31.833099999999988,0.0,0.0,43.8566,8.046199999999999,-42.85714,7.518799999999999,67.31709,-0.03950000000003229,15.01.19,229.784,0.5400000000000205,,,,
0.71678,['-'],50.10581,-30.793099999999995,50.28224,-32.581500000000005,6e-05,-9.999999999999992e-05,12.9142,0.0,-63.29429,-405.16799999999995,-1e-05,-0.0001,33.95557,-99.01029999999999,-52.63158,-97.74439999999998,65.47275,-18.443399999999883,15.01.54,229.866,0.8200000000002206,,,,
0.71677,['-'],50.78435,6.7854000000000525,51.03412,7.518799999999999,6e-05,0.0,12.9142,0.0,-54.10822,91.86069999999994,-2e-05,-0.0001,36.13729,21.817199999999985,-50.37594,22.556399999999996,66.63041,11.576599999999928,15.02.25,229.948,0.8199999999999363,,,,
0.7168,['-'],50.10581,-6.7854000000000525,50.28224,-7.518799999999999,6e-05,0.0,12.9142,0.0,-63.29429,-91.86069999999994,-2e-05,0.0,33.95557,-21.817199999999985,-52.63158,-22.556399999999996,66.08258,-5.478300000000047,15.03.03,230.029,0.8099999999998886,,,,
0.71658,1,47.56381,-25.420000000000016,26.54033,-237.4191,5e-05,-9.999999999999999e-05,12.50271,-4.114899999999988,-99.0969,-358.02610000000004,-2e-05,0.0,26.54033,-74.1524,-61.65414,-90.22559999999999,64.52208,-15.604999999999905,15.03.55,230.122,2301.22,,,1,
0.71662,2,45.45015,-21.13659999999996,26.54033,0.0,4e-05,-9.999999999999999e-05,12.26179,-2.409200000000009,-130.65006,-315.5315999999999,-3e-05,-9.999999999999999e-05,26.54033,0.0,-69.92481,-82.70669999999996,63.20131,-13.207700000000031,15.04.37,230.189,2343.0389999999998,,,2,
0.7167,1,46.19666,7.465100000000007,26.54033,0.0,4e-05,0.0,12.26179,0.0,-119.31179,113.38269999999994,-3e-05,0.0,26.54033,0.0,-66.91729,30.075199999999995,63.9017,7.003899999999987,15.05.16,230.23,2326.392,,2,1,
0.71672,1,48.71789,25.212299999999956,27.2063,6.6596999999999795,3e-05,-0.00010000000000000002,11.45077,-8.110199999999992,-76.40173,429.1006,-4e-05,-0.00010000000000000002,27.2063,6.6596999999999795,-58.64662,82.70669999999996,65.64816,17.46460000000006,15.06.00,230.292,2302.92,,2,1,
0.71664,1,48.93151,2.136200000000059,27.79193,5.856300000000019,3e-05,0.0,11.45077,0.0,-73.59408,28.076499999999953,-4e-05,0.0,27.79193,5.856300000000019,-57.89474,7.518799999999999,65.58885,-0.5931000000001063,15.07.04,230.391,2385.0119999999997,2,1,1,
0.71665,1,46.00774,-29.237700000000046,19.77644,-80.1549,2e-05,-9.999999999999999e-05,11.45077,0.0,-109.39861,-358.0453,-5e-05,-9.999999999999999e-05,19.77644,-80.1549,-67.66917,-97.74429999999995,63.88691,-17.019399999999933,15.08.02,230.445,2304.45,2,1,1,
0.71667,2,49.76847,37.60730000000002,30.08645,103.10009999999998,3e-05,9.999999999999999e-05,11.45077,0.0,-62.27192,471.2669,-5e-05,0.0,30.08645,103.10009999999998,-54.88722,127.81949999999995,66.88945,30.025399999999962,15.08.48,230.515,2,1,1,2,
0.71665,2,47.62243,-21.460399999999993,24.20311,-58.833400000000005,3e-05,0.0,11.45077,0.0,-90.30484,-280.32919999999996,-5e-05,0.0,24.20311,-58.833400000000005,-62.40602,-75.18799999999999,65.12325,-17.661999999999978,15.10.03,230.636,2,1,1,2,
0.71663,1,47.1797,-4.427300000000045,8.72908,-154.7403,1e-05,-0.00019999999999999998,10.69767,-7.530999999999999,-89.68329,6.215499999999992,-8e-05,-0.00030000000000000003,8.72908,-154.7403,-58.97436,34.31660000000001,64.78626,-3.3699000000000012,15.10.45,230.771,1,1,2,1,
0.71662,2,46.96369,-2.1600999999999715,7.82254,-9.065399999999997,1e-05,0.0,10.69767,0.0,-92.46656,-27.832700000000017,-8e-05,0.0,7.82254,-9.065399999999997,-59.82906,-8.547000000000011,64.5994,-1.868599999999958,15.11.29,230.836,1,1,1,2,
0.71662,1,47.63964,6.759500000000003,10.65937,28.36829999999999,1e-05,0.0,10.69767,0.0,-84.08125,83.85310000000004,-8e-05,0.0,10.65937,28.36829999999999,-57.26496,25.640999999999963,64.91496,3.1555999999999074,15.12.20,230.88,1,2,1,1,
0.71661,1,47.1797,-4.599400000000031,8.72908,-19.302899999999994,1e-05,0.0,10.69767,0.0,-89.68329,-56.02040000000002,-0.0001,-0.00019999999999999998,8.72908,-19.302899999999994,-58.97436,-17.09399999999995,65.78705,8.7209,15.13.06,230.919,1,1,2,1,
0.71672,1,48.58554,14.058400000000049,14.62917,59.0009,1e-05,0.0,10.69767,0.0,-72.73305,169.50239999999994,-9e-05,9.999999999999999e-05,14.62917,59.0009,-53.84615,51.28209999999996,66.25877,4.717200000000048,15.13.52,230.961,2,2,2,1,
0.71682,2,50.59375,20.082099999999983,23.05728,84.28109999999998,2e-05,0.0001,10.92383,2.2616000000000014,-46.31647,264.1658,-8e-05,9.999999999999999e-05,23.05728,84.28109999999998,-46.15385,76.92300000000003,66.53875,2.799799999999948,15.15.08,231.067,2,2,2,2,
0.71677,0,51.27691,6.831600000000009,45.1711,221.13820000000004,2e-05,0.0,10.43453,-4.893000000000001,-30.80308,155.1339,-8e-05,0.0,45.1711,221.13820000000004,-38.31776,78.36089999999999,66.94727,4.0852000000001,15.15.55,231.143,2,2,1,0,
0.71671,0,48.99095,-22.85960000000003,35.57731,-95.93790000000006,1e-05,-0.0001,10.43453,0.0,-64.22677,-334.2369,-8e-05,0.0,35.57731,-95.93790000000006,-47.66355,-93.45790000000001,65.1068,-18.404699999999963,15.16.25,231.162,2,2,1,0,
0.71654,1,45.683,-33.07949999999998,23.05728,-125.20029999999998,0.0,-0.0001,10.43453,0.0,-114.81096,-505.8418999999999,-9e-05,-9.999999999999999e-05,23.05728,-125.20029999999998,-62.61682,-149.53269999999995,62.84825,-22.585500000000067,15.17.26,231.266,1,1,1,1,
0.71663,1,46.86977,11.867700000000028,26.67507,36.17790000000003,1e-05,0.0001,10.43453,0.0,-96.24166,185.69299999999998,-0.0001,-9.999999999999999e-05,26.67507,36.17790000000003,-57.00935,56.07469999999999,64.56482,17.165699999999973,15.18.12,231.229,1,1,1,1,
0.71669,1,46.66771,-2.02060000000003,25.82707,-8.480000000000025,1e-05,0.0,10.43453,0.0,-99.36909,-31.27430000000004,-0.0001,0.0,25.82707,-8.480000000000025,-57.94393,-9.34580000000004,64.38836,-1.7645999999999162,15.19.08,231.306,1,1,1,1,
0.71659,1,45.683,-9.847099999999998,23.05728,-27.697900000000004,0.0,-0.0001,10.43453,0.0,-114.81096,-154.41869999999994,-0.0001,0.0,23.05728,-27.697900000000004,-62.61682,-46.72889999999995,63.50608,-8.822800000000086,15.19.59,231.45,1,1,1,1,
0.71663,['-'],47.67678,19.93780000000001,28.18043,51.231500000000025,-0.0,-0.0,9.98018,-4.543499999999998,-82.44275,323.6820999999999,-0.00014,-0.0003999999999999998,28.18043,51.231500000000025,-54.20561,84.11209999999997,66.30485,27.987700000000046,15.20.42,231.474,1,1,1,,
0.71666,['-'],48.83273,11.559499999999971,33.03177,48.513400000000004,-0.0,0.0,9.98018,0.0,-63.98349,184.5926,-0.00013,9.999999999999999e-05,33.03177,48.513400000000004,-49.53271,46.728999999999985,66.00189,-3.029599999999988,15.21.30,231.501,1,1,1,,
0.7168,['-'],51.61216,27.79430000000005,44.69655,116.6478,1e-05,0.0001,9.98018,0.0,-13.46585,505.1764,-0.00012,9.999999999999986e-05,44.69655,116.6478,-37.38318,121.49529999999999,67.12505,11.231599999999986,15.22.30,231.556,2,1,,,
0.7168,['-'],50.36783,-12.44330000000005,39.47433,-52.2222,0.0,-0.0001,9.98018,0.0,-37.25924,-237.93389999999997,-0.00012,0.0,39.47433,-52.2222,-42.99065,-56.07469999999999,65.71463,-14.10420000000002,15.23.07,231.619,2,2,,,
0.71677,['-'],49.28094,-10.868899999999968,34.91281,-45.615200000000016,0.0,0.0,9.98018,0.0,-56.45496,-191.9572,-0.00012,0.0,34.91281,-45.615200000000016,-47.66355,-46.728999999999985,64.83663,-8.780000000000001,15.23.49,231.654,1,,,,
0.71671,['-'],51.81351,25.325699999999998,45.54157,106.2876,1e-05,0.0001,9.98018,0.0,-9.42588,470.2908,-0.00012,0.0,45.54157,106.2876,-36.4486,112.14950000000002,66.94383,21.07200000000006,15.24.51,231.757,1,,,,
0.71679,['-'],50.18718,-16.26330000000003,35.05487,-104.86699999999999,0.0,-0.0001,9.55829,-4.218900000000012,-33.06828,-236.424,-0.00014,-0.00019999999999999985,35.05487,-104.86699999999999,-33.33333,31.152700000000024,67.72304,7.79209999999992,15.25.27,231.705,2317.05,,,,
0.71677,['-'],48.80849,-13.786899999999989,29.26874,-57.8613,-0.0,-0.0,9.6049,0.4661000000000115,-60.60606,-275.3778,-0.00013,9.999999999999999e-05,29.26874,-57.8613,-40.0,-66.66670000000003,65.4784,-22.44640000000004,15.26.11,231.783,2360.019,,,,
0.71682,['-'],50.86996,20.6147,37.92036,86.51620000000001,0.0,0.0,9.6049,0.0,-18.87274,417.3332,-0.00013,0.0,37.92036,86.51620000000001,-30.0,100.0,67.05611,15.777100000000104,15.27.10,231.916,2314.499,,,,
0.71674,['-'],52.18086,13.109000000000037,43.42197,55.016099999999994,1e-05,0.0001,9.6049,0.0,10.25641,291.2915,-0.00013,0.0,43.42197,55.016099999999994,-23.33333,66.66669999999999,68.10793,10.518199999999922,15.27.48,231.952,2319.52,,,,
0.71667,0,49.03355,-31.473100000000045,30.21328,-132.08689999999999,-0.0,-0.0001,9.6049,0.0,-56.09332,-663.4972999999999,-0.00013,0.0,30.21328,-132.08689999999999,-38.88889,-155.55560000000003,65.6537,-24.542299999999955,15.28.55,231.921,2319.2099999999996,,,0,
0.71661,1,47.92854,-11.0501,25.57574,-46.37540000000001,-1e-05,-0.0001,9.6049,0.0,-78.35958,-222.66259999999994,-0.00013,0.0,25.57574,-46.37540000000001,-44.44444,-55.55549999999997,64.77719,-8.765099999999961,15.29.29,231.952,2319.52,,,1,
0.71666,2,46.26051,-16.680300000000017,18.57531,-70.00429999999997,-1e-05,0.0,9.6049,0.0,-112.49851,-341.3893,-0.00013,0.0,18.57531,-70.00429999999997,-53.33333,-88.88889999999996,63.37477,-14.024200000000064,15.30.08,232.118,2321.18,,1,2,
0.71668,0,49.38755,31.27040000000001,30.11614,115.4083,-1e-05,0.0,9.25643,-3.4847000000000072,-44.51386,679.8464999999999,-0.00012,9.999999999999986e-05,30.11614,115.4083,-38.88889,144.44439999999992,62.61733,-7.5743999999999545,15.30.58,232.162,2321.62,,1,0,
0.7167,1,48.71957,-6.6798,27.36341,-27.527300000000032,-2e-05,-0.0001,9.25643,0.0,-58.73261,-142.1875,-0.00013,-9.999999999999986e-05,27.36341,-27.527300000000032,-42.22222,-33.333299999999966,62.7678,1.5046999999999855,15.31.33,232.055,2355.397,2,2,1,
0.7167,1,48.71957,0.0,27.36341,0.0,-2e-05,0.0,9.25643,0.0,-58.73261,0.0,-0.00013,0.0,27.36341,0.0,-42.22222,0.0,62.7678,0.0,15.32.13,232.084,2320.8399999999997,1,2,1,
0.71675,1,49.16684,4.472700000000032,29.20656,18.431500000000014,-2e-05,0.0,9.25643,0.0,-49.28664,94.45970000000003,-0.00013,0.0,29.20656,18.431500000000014,-40.0,22.2222,62.9058,1.3799999999999812,15.32.51,232.116,2,2,2,1,
0.71659,1,48.26437,-9.02470000000001,25.48754,-37.190200000000004,-2e-05,0.0,9.25643,0.0,-68.04809,-187.61450000000002,-0.00013,0.0,25.48754,-37.190200000000004,-44.44444,-44.4444,61.95992,-9.458800000000025,15.33.44,232.309,1,1,1,1,
0.71662,1,48.71957,4.551999999999978,27.36341,18.75869999999999,-2e-05,0.0,9.09193,-1.6450000000000031,-58.73261,93.15480000000001,-0.00014,-9.999999999999999e-05,27.36341,18.75869999999999,-42.22222,22.2222,63.00266,10.42740000000002,15.34.23,232.361,1,1,1,1,
0.71667,1,48.94418,2.2461000000000553,28.28902,9.256100000000025,-2e-05,0.0,9.09193,0.0,-54.02611,47.06499999999998,-0.00014,0.0,28.28902,9.256100000000025,-41.11111,11.111100000000036,63.17941,1.767499999999984,15.35.17,232.415,1,1,1,1,
0.71667,1,48.92304,-0.211400000000026,28.04889,-2.401300000000006,-2e-05,0.0,8.61559,-4.763400000000004,-49.75124,42.7487,-0.00014,0.0,28.04889,-2.401300000000006,-46.25,-51.388900000000035,66.99683,38.174200000000056,15.36.06,232.353,1,1,1,1,
0.71672,1,50.30054,13.774999999999977,33.72551,56.7662,-1e-05,0.0001,8.61559,0.0,-17.75062,320.0062,-0.00014,0.0,33.72551,56.7662,-38.75,75.0,68.13859,11.417599999999908,15.36.50,232.526,2,1,1,1,
0.71665,1,48.25828,-20.42259999999999,25.30945,-84.16060000000002,-2e-05,-0.0001,8.61559,0.0,-65.20517,-474.54549999999995,-0.00014,0.0,25.30945,-84.16060000000002,-50.0,-112.5,66.29941,-18.39179999999999,15.37.21,232.572,1,1,1,1,
0.71668,1,46.98152,-12.767599999999959,20.048,-52.6145,-2e-05,0.0,8.61559,0.0,-95.08107,-298.759,-0.00014,0.0,20.048,-52.6145,-57.5,-75.0,65.1602,-11.392099999999914,15.38.01,232.634,1,1,1,1,
0.71673,1,50.07128,30.897599999999983,32.78076,127.32760000000002,-1e-05,0.0001,8.50958,-1.060099999999995,-23.18841,718.9265999999999,-0.00014,0.0,32.78076,127.32760000000002,-40.0,175.0,67.56022,24.000199999999978,15.39.00,232.611,1,1,2,1,
0.71671,1,50.30054,2.2925999999999647,33.72551,9.447499999999991,-1e-05,0.0,8.50958,0.0,-17.75062,54.3779,-0.00014,0.0,33.72551,9.447499999999991,-38.75,12.5,67.74924,1.890199999999993,15.39.31,232.639,1,1,1,1,
0.71676,1,50.28021,-0.20330000000001291,52.87093,191.45420000000001,-1e-05,0.0,7.96882,-5.407599999999997,-5.58659,121.6403,-0.00012,0.00019999999999999985,52.87093,191.45420000000001,-38.75,0.0,67.68125,-0.6798999999999467,15.40.17,232.704,1,2,1,1,
0.71681,0,51.24762,9.67410000000001,56.85758,39.866499999999974,-0.0,0.0001,7.99959,0.3077000000000041,22.45537,280.4196,-0.00013,-9.999999999999986e-05,56.85758,39.866499999999974,-33.75,50.0,68.16347,4.822199999999981,15.40.48,232.85,2,2,2,0,
0.71684,2,53.50303,22.554100000000048,66.152,92.94420000000002,0.0,0.0,8.30777,3.0817999999999923,87.19819,647.4282,-0.00012,9.999999999999986e-05,66.152,92.94420000000002,-21.25,125.0,69.32434,11.608700000000027,15.41.22,232.917,2,2,2,2,
0.71683,2,53.28692,-2.1611000000000047,65.26144,-8.905600000000078,0.0,0.0,8.59012,2.82350000000001,81.06219,-61.35999999999996,-0.00012,0.0,65.26144,-8.905600000000078,-22.5,-12.5,68.30954,-10.148000000000081,15.41.57,232.961,2,2,2,2,
0.71678,['-'],51.71604,-15.708800000000025,58.78791,-64.73529999999997,-0.0,-0.0,8.59012,0.0,36.04588,-450.16310000000004,-0.00012,0.0,58.78791,-64.73529999999997,-31.25,-87.5,67.56818,-7.413600000000002,15.42.57,233.043,1,0,1,,
0.7168,['-'],52.84863,11.325900000000004,63.45524,46.67330000000007,0.0,0.0,8.59012,0.0,68.57547,325.29589999999996,-0.00012,0.0,63.45524,46.67330000000007,-25.0,62.5,68.52077,9.525900000000007,15.43.56,233.067,2,1,0,,
0.71671,['-'],52.17554,-6.73090000000002,60.68149,-27.737500000000068,-0.0,-0.0,8.59012,0.0,49.28944,-192.86029999999997,-0.00012,0.0,60.68149,-27.737500000000068,-28.75,-37.5,67.94921,-5.715600000000052,15.44.33,233.121,1,1,,,
0.71673,['-'],50.37062,-18.049199999999956,50.10476,-105.76729999999998,-1e-05,-0.0001,8.66492,0.7479999999999976,3.59281,-456.9663,-0.00011,9.999999999999999e-05,50.10476,-105.76729999999998,-38.75,-100.0,63.33177,-46.17439999999995,15.45.33,233.728,1,1,,,
0.71679,['-'],49.8722,-4.98420000000003,48.0508,-20.539599999999965,-1e-05,0.0,8.66492,0.0,-11.51479,-151.076,-0.00011,0.0,48.0508,-20.539599999999965,-41.25,-25.0,62.79793,-5.338399999999979,15.46.15,233.759,0,,,,
0.71676,['-'],49.8722,0.0,48.0508,0.0,-1e-05,0.0,8.66492,0.0,-11.51479,0.0,-0.00012,-9.999999999999999e-05,48.0508,0.0,-41.25,0.0,63.54029,7.423599999999979,15.46.56,233.795,1,,,,
0.71678,['-'],50.61613,7.439299999999989,51.1165,30.656999999999996,-1e-05,0.0,8.66492,0.0,11.11111,226.25900000000001,-0.00012,0.0,51.1165,30.656999999999996,-37.5,37.5,64.14272,6.0242999999999824,15.47.34,233.845,2338.45,,,,
0.71681,['-'],43.69482,-69.21309999999998,31.52288,-195.9362,-3e-05,-0.00019999999999999998,8.66492,0.0,-186.2543,-1973.6541,-0.00012,0.0,31.52288,-195.9362,-75.0,-375.0,58.00494,-61.37779999999999,15.48.17,233.874,2338.74,,,,
0.71679,['-'],51.33831,76.4349,54.09255,225.69670000000002,-1e-05,0.00019999999999999998,8.66492,0.0,33.1384,2193.9269999999997,-0.00012,0.0,54.09255,225.69670000000002,-33.75,412.5,64.3592,63.542600000000036,15.48.50,233.897,2338.97,,,,
0.7168,['-'],52.94395,16.05640000000001,60.70933,66.16779999999999,-0.0,0.0001,8.66492,0.0,81.64794,485.09540000000004,-0.00012,0.0,60.70933,66.16779999999999,-25.0,87.5,65.75489,13.956900000000019,15.49.28,233.928,2339.2799999999997,,,,
0.71681,2,53.16472,2.207700000000017,72.48612,117.76789999999998,1e-05,0.0001,8.73437,0.6944999999999979,93.64162,119.93679999999998,-9e-05,0.0003,72.48612,117.76789999999998,-23.75,12.5,67.01088,12.55989999999997,15.50.30,233.991,2339.91,,,2,
0.71683,2,53.16472,0.0,72.48612,0.0,1e-05,0.0,8.73437,0.0,93.64162,0.0,-9e-05,0.0,72.48612,0.0,-23.75,0.0,67.01088,0.0,15.51.34,234.059,2333.645,,,2,
0.71682,2,49.88795,-32.76770000000006,58.98274,-135.03379999999999,-0.0,-0.0001,8.73437,0.0,-1.66251,-953.0413,-9e-05,0.0,58.98274,-135.03379999999999,-40.0,-162.5,64.19007,-28.208099999999945,15.52.10,234.074,2340.74,,2,2,
0.71676,2,47.62978,-22.581699999999998,49.67692,-93.05819999999997,-1e-05,-0.0001,8.14749,-5.868800000000007,-76.07843,-744.1591999999999,-0.00012,-0.0003,49.67692,-93.05819999999997,-52.5,-125.0,64.32805,1.3797999999999888,15.53.27,234.175,2341.75,,2,2,
0.7167,2,49.41935,17.895700000000048,57.05164,73.74719999999996,-0.0,0.0001,8.14749,0.0,-17.26264,588.1578999999999,-0.00012,0.0,57.05164,73.74719999999996,-42.5,100.0,65.93903,16.10979999999998,15.54.18,234.283,2401.5179999999996,2,2,2,
0.71666,2,50.85234,14.329899999999967,62.95691,59.052700000000016,0.0,0.0,8.14749,0.0,29.26829,465.30929999999995,-0.00012,0.0,62.95691,59.052700000000016,-35.0,75.0,67.14727,12.082400000000035,15.54.57,234.332,2343.3199999999997,2,2,2,
0.71668,2,48.50806,-23.442799999999977,51.909,-110.47910000000002,-1e-05,-0.0001,7.66702,-4.804699999999995,-43.3925,-726.6078999999999,-0.00011,9.999999999999999e-05,51.909,-110.47910000000002,-47.5,-125.0,65.18654,-19.607300000000123,15.55.36,234.4,2,2,2,2,
0.71669,2,49.01431,5.062500000000014,53.9952,20.86199999999998,-1e-05,0.0,7.66702,0.0,-28.70813,146.84369999999996,-0.00011,0.0,53.9952,20.86199999999998,-45.0,25.0,65.63549,4.489500000000106,15.56.25,234.502,2,2,2,2,
0.71668,2,49.01431,0.0,53.9952,0.0,-1e-05,0.0,7.66702,0.0,-28.70813,0.0,-0.00011,0.0,53.9952,0.0,-45.0,0.0,65.63549,0.0,15.57.06,234.585,2,2,2,2,
0.71656,1,47.7962,-12.18110000000003,48.97545,-50.19749999999995,-1e-05,0.0,7.66702,0.0,-64.84178,-361.3365,-0.00011,0.0,48.97545,-50.19749999999995,-51.25,-62.5,64.6093,-10.261899999999997,15.57.50,234.702,2,2,2,1,
0.71641,1,49.26372,14.675200000000004,55.023,60.47550000000001,-1e-05,0.0,8.00503,3.380099999999997,-21.24674,435.95039999999995,-0.00012,-9.999999999999999e-05,55.023,60.47550000000001,-43.75,75.0,66.51819,19.088899999999995,15.58.33,234.887,1,1,1,1,
0.7164,1,42.96251,-63.012099999999975,41.00261,-140.20390000000006,-3e-05,-0.00019999999999999998,8.47084,4.658100000000012,-209.28621,-1880.3947,-0.00013,-9.999999999999986e-05,41.00261,-140.20390000000006,-71.11111,-273.61109999999996,61.48819,-50.30000000000001,15.59.17,235.2,1,1,1,1,
0.71619,1,40.47118,-24.91330000000005,41.00261,0.0,-4e-05,-0.00010000000000000002,9.23195,7.611099999999986,-280.19324,-709.0702999999999,-0.00015,-0.00019999999999999998,41.00261,0.0,-70.90909,2.020199999999903,60.32564,-11.62550000000003,16.00.00,235.467,1,1,1,1,
0.71638,1,40.20579,-2.6538999999999646,13.23581,-277.66799999999995,-8e-05,-0.0004,10.84627,16.14320000000001,-228.12342,520.6981999999999,-0.00023,-0.0008000000000000001,13.23581,-277.66799999999995,-68.33333,25.757600000000025,61.74853,14.228900000000024,16.00.50,235.7,1,1,1,1,
0.71645,1,45.73353,55.277400000000014,25.70495,124.69139999999999,-6e-05,0.00020000000000000004,10.84627,0.0,-126.6326,1014.9082000000001,-0.00021,0.00019999999999999998,25.70495,124.69139999999999,-48.33333,200.00000000000006,64.27664,25.28109999999998,16.02.02,235.839,1,1,1,1,
0.7165,1,47.7463,20.12769999999996,30.24523,45.40279999999999,-5e-05,9.999999999999999e-05,10.84627,0.0,-76.60084,500.3175999999999,-0.00021,0.0,30.24523,45.40279999999999,-40.0,83.33329999999997,65.01958,7.429400000000044,16.03.07,236.033,1,1,1,1,
0.71643,1,45.09911,-26.47189999999995,24.27386,-59.7137,-6e-05,-9.999999999999999e-05,10.84627,0.0,-140.65996,-640.5912000000001,-0.00021,0.0,24.27386,-59.7137,-50.83333,-108.33329999999997,62.70043,-23.191500000000076,16.04.01,236.228,1,1,1,1,
0.7165,1,46.14839,10.49279999999996,26.64077,23.669100000000007,-6e-05,0.0,10.84627,0.0,-117.03959,236.20370000000008,-0.00021,0.0,26.64077,23.669100000000007,-46.66667,41.66659999999993,63.47841,7.7797999999999945,16.05.18,236.498,1,1,1,1,
0.7166,1,49.79465,36.46259999999998,43.31706,166.76289999999997,-5e-05,9.999999999999999e-05,11.53624,6.899699999999989,-14.3212,1027.1839,-0.00026,-0.0004999999999999997,43.31706,166.76289999999997,-31.66667,150.00000000000003,65.41414,19.357300000000066,16.06.26,236.756,0,1,1,1,
0.71658,1,47.99852,-17.96129999999998,39.03799,-42.79069999999997,-5e-05,0.0,11.53624,0.0,-61.62465,-473.03450000000004,-0.00026,0.0,39.03799,-42.79069999999997,-39.16667,-75.00000000000003,63.81359,-16.005500000000055,16.06.56,236.874,1,1,1,1,
0.7166,['-'],47.99852,0.0,39.03799,0.0,-5e-05,0.0,11.53624,0.0,-61.62465,0.0,-0.00026,0.0,39.03799,0.0,-39.16667,0.0,63.81359,0.0,16.08.01,236.997,1,1,1,,
0.7167,['-'],47.37091,-6.276099999999971,37.54277,-14.952200000000033,-6e-05,-9.999999999999999e-05,11.53624,0.0,-76.52991,-149.05259999999998,-0.00026,0.0,37.54277,-14.952200000000033,-41.66667,-25.0,63.28008,-5.335099999999997,16.08.55,237.07,2,1,1,,
0.7166,['-'],50.55371,31.828000000000003,45.12542,75.82650000000001,-4e-05,0.00019999999999999998,10.97912,-5.571199999999994,7.95053,844.8044,-0.00026,0.0,45.12542,75.82650000000001,-28.33333,133.3334,64.84597,15.65889999999996,16.09.57,237.17,1,1,,,
0.71671,['-'],48.81242,-17.412899999999993,63.94149,188.16070000000002,-5e-05,-9.999999999999999e-05,11.10248,1.2335999999999991,-36.25731,-442.07839999999993,-0.00029,-0.00030000000000000024,63.94149,188.16070000000002,-31.25,-29.1667,63.74612,-10.998499999999964,16.10.35,237.248,1,0,,,
0.71671,['-'],50.07469,12.622699999999938,66.94869,30.071999999999974,-4e-05,9.999999999999999e-05,11.10248,0.0,-3.003,332.5430999999999,-0.00028,0.00010000000000000026,66.94869,30.071999999999974,-25.89286,53.57140000000001,63.68446,-0.6165999999999627,16.11.20,237.231,2,,,,
0.71664,['-'],47.41386,-26.60829999999997,60.60957,-63.39120000000001,-5e-05,-9.999999999999999e-05,11.10248,0.0,-72.81485,-698.1185,-0.00028,0.0,60.60957,-63.39120000000001,-37.5,-116.07140000000001,61.38674,-22.977199999999982,16.12.10,237.276,1,,,,
0.71679,['-'],50.48172,30.67860000000003,67.9184,73.08830000000007,-4e-05,9.999999999999999e-05,11.10248,0.0,8.37822,811.9307,-0.00028,0.0,67.9184,73.08830000000007,-24.10714,133.9286,63.70156,23.148199999999974,16.13.37,237.396,2373.9599999999996,,,,
0.7168,['-'],49.45143,-10.302900000000008,65.46386,-24.545400000000086,-4e-05,0.0,10.76056,-3.4192,-19.85185,-282.30069999999995,-0.00027,9.999999999999972e-05,65.46386,-24.545400000000086,-28.57143,-44.64289999999998,61.95957,-17.419900000000013,16.14.27,237.52,2375.2,,,,
0.71668,['-'],49.34776,-1.0367000000000104,76.50223,110.3837,-3e-05,0.00010000000000000002,10.5576,-2.0295999999999914,-20.86957,-10.177200000000006,-0.00028,-9.999999999999972e-05,76.50223,110.3837,-28.57143,0.0,64.77338,28.138100000000037,16.15.44,237.652,2410.7119999999995,,,,
0.71671,['-'],49.75825,4.104899999999958,77.48018,9.77950000000007,-3e-05,0.0,10.5576,0.0,-9.94152,109.28049999999999,-0.00028,0.0,77.48018,9.77950000000007,-26.78571,17.857199999999978,65.12162,3.482399999999899,16.16.18,237.691,2397.2059999999997,,,,
0.71676,2,49.34776,-4.104899999999958,76.50223,-9.77950000000007,-3e-05,0.0,10.5576,0.0,-20.86957,-109.28049999999999,-0.00028,0.0,76.50223,-9.77950000000007,-28.57143,-17.857199999999978,64.77338,-3.482399999999899,16.17.46,237.824,2378.24,,,2,
0.71668,2,51.03174,16.839799999999983,80.51413,40.11899999999997,-3e-05,0.0,10.5576,0.0,23.18841,440.5798,-0.00028,0.0,80.51413,40.11899999999997,-21.42857,71.42859999999999,66.05083,12.774500000000018,16.18.54,237.949,2379.49,,,2,
0.7166,2,46.29256,-47.391799999999975,69.22358,-112.90549999999996,-5e-05,-0.0002,10.5576,0.0,-101.7316,-1249.2001,-0.00028,0.0,69.22358,-112.90549999999996,-42.85714,-214.2857,61.88023,-41.706000000000074,16.19.48,238.063,2380.6299999999997,,2,2,
0.71664,2,51.29495,50.02389999999998,82.41657,131.92989999999995,-2e-05,0.0003,11.14716,5.8955999999999875,36.22527,1379.5687,-0.00023,0.0004999999999999997,82.41657,131.92989999999995,-20.53571,223.21429999999998,65.54914,36.68909999999997,16.21.00,238.181,2381.81,,2,2,
0.71648,2,49.12952,-21.654300000000006,77.25767,-51.588999999999885,-3e-05,-9.999999999999999e-05,11.14716,0.0,-21.8126,-580.3787,-0.00023,0.0,77.25767,-51.588999999999885,-29.46429,-89.28579999999997,63.82002,-17.291199999999947,16.21.37,238.273,2323.774,2,2,2,
0.71658,2,47.45071,-16.788099999999986,73.25811,-39.995600000000024,-4e-05,-0.00010000000000000002,11.52969,3.8253000000000092,-66.07407,-442.6147,-0.00024,-9.999999999999999e-05,73.25811,-39.995600000000024,-36.60714,-71.42850000000003,63.69583,-1.241899999999987,16.22.43,238.382,2383.8199999999997,2,2,2,
0.71642,2,38.963,-84.8771,53.53774,-197.20370000000003,-8e-05,-0.0004,11.86758,3.378899999999998,-282.19697,-2161.229,-0.00025,-9.999999999999999e-05,53.53774,-197.20370000000003,-82.14286,-455.3572,55.96219,-77.33640000000001,16.23.40,238.491,2,2,2,2,
0.71639,2,45.50694,65.43939999999999,68.6273,150.89560000000006,-5e-05,0.00030000000000000003,11.86758,0.0,-116.81516,1653.8181000000002,-0.00025,0.0,68.6273,150.89560000000006,-45.53571,366.07149999999996,62.65734,66.95149999999998,16.24.26,238.588,2,2,2,2,
0.71628,2,41.78108,-37.25859999999997,40.86797,-277.59330000000006,-8e-05,-0.00030000000000000003,12.7094,8.418200000000002,-184.32511,-675.0994999999998,-0.00021,0.00039999999999999996,40.86797,-277.59330000000006,-64.28571,-187.49999999999991,59.65494,-30.023999999999944,16.25.21,238.632,1,2,2,2,
0.71629,2,43.18023,13.991499999999988,44.20128,33.33309999999997,-7e-05,0.00010000000000000013,13.03179,3.223900000000004,-152.88221,314.4290000000001,-0.00024,-0.0003,44.20128,33.33309999999997,-57.14286,71.42849999999996,62.7328,30.77859999999994,16.26.25,238.703,2,2,2,2,
0.71625,2,43.54479,3.6455999999999733,45.06979,8.685100000000006,-7e-05,0.0,13.03179,0.0,-144.66363,82.18579999999974,-0.00024,0.0,45.06979,8.685100000000006,-55.35714,17.857199999999978,63.06435,3.3155,16.27.08,238.853,2,2,2,2,
0.71625,2,41.78108,-17.63709999999996,40.86797,-42.01819999999998,-8e-05,-0.00010000000000000013,13.03179,0.0,-184.32511,-396.61479999999983,-0.00024,0.0,40.86797,-42.01819999999998,-64.28571,-89.28569999999993,61.40661,-16.57739999999997,16.28.05,238.92,2,2,2,2,
0.71636,2,43.54479,17.63709999999996,45.06979,42.01819999999998,-7e-05,0.00010000000000000013,13.03179,0.0,-144.66363,396.61479999999983,-0.00024,0.0,45.06979,42.01819999999998,-55.35714,89.28569999999993,63.06435,16.57739999999997,16.29.11,238.979,2,2,2,2,
0.71628,2,43.36174,-1.830500000000015,44.63371,-4.360799999999969,-7e-05,0.0,13.03179,0.0,-148.79154,-41.27909999999986,-0.00023,9.999999999999999e-05,44.63371,-4.360799999999969,-56.25,-8.928599999999989,62.38463,-6.797199999999961,16.30.03,239.047,2,2,2,2,
0.71608,2,39.91564,-34.46099999999994,22.59889,-220.3482,-0.0001,-0.0003000000000000001,14.11284,10.810499999999994,-197.5631,-487.71559999999994,-0.00026,-0.0002999999999999997,22.59889,-220.3482,-73.21429,-169.64290000000005,64.30518,19.205499999999915,16.31.01,239.181,2,1,1,2,
0.71598,1,38.16616,-17.494800000000055,20.82993,-17.6896,-0.00011,-9.999999999999999e-05,14.93569,8.22849999999999,-232.99958,-354.3648000000002,-0.00029,-0.00030000000000000024,20.82993,-17.6896,-70.45455,27.59740000000008,64.2284,-0.767799999999994,16.32.03,239.445,1,1,1,1,
0.71597,2,36.5636,-16.02559999999997,20.82993,0.0,-0.00012,-9.999999999999999e-05,14.93569,0.0,-265.625,-326.2541999999999,-0.00029,0.0,20.82993,0.0,-78.78788,-83.33330000000004,62.37311,-18.552899999999966,16.33.05,239.629,1,1,1,2,
0.71605,2,38.31884,17.552400000000006,20.82993,0.0,-0.00011,9.999999999999999e-05,14.93569,0.0,-229.8995,357.2550000000001,-0.00029,0.0,20.82993,0.0,-69.69697,90.90910000000008,64.39706,20.239499999999992,16.34.21,239.796,2,1,0,2,
0.71606,2,36.71453,-16.04309999999998,10.41497,-104.1496,-0.00014,-0.0002999999999999998,16.7036,17.679100000000023,-215.98777,139.11729999999977,-0.00037,-0.0007999999999999999,10.41497,-104.1496,-77.27273,-75.75760000000002,60.87705,-35.20009999999999,16.35.27,239.851,1,2,2,2,
0.71611,1,38.89328,21.787499999999937,11.02349,6.085200000000004,-0.00013,9.999999999999999e-05,16.7036,0.0,-179.76258,362.2519,-0.00038,-0.00010000000000000026,11.02349,6.085200000000004,-67.42424,98.48489999999998,64.03369,31.5664000000001,16.36.44,239.985,2,2,2,1,
0.7161,['-'],38.6279,-2.653800000000004,10.41497,-6.085200000000004,-0.00013,0.0,16.7036,0.0,-182.67155,-29.089699999999823,-0.00038,0.0,10.41497,-6.085200000000004,-68.18182,-7.575800000000044,63.85799,-1.7570000000000618,16.37.58,239.964,2,2,2,,
0.716,['-'],36.86671,-17.61189999999999,10.41497,0.0,-0.00014,-9.999999999999999e-05,16.7036,0.0,-213.3189,-306.4735000000002,-0.00039,-9.999999999999972e-05,10.41497,0.0,-76.51515,-83.33330000000004,62.59043,-12.675600000000031,16.39.34,240.078,1,2,1,,
0.7161,['-'],39.20034,23.336299999999994,4.50138,-59.1359,-0.00016,-0.00020000000000000025,18.34522,16.416199999999996,-145.92934,673.8956000000002,-0.00048,-0.0009000000000000002,4.50138,-59.1359,-69.69697,68.18180000000012,63.71487,11.244399999999999,16.40.57,240.181,2,2,,,
0.71606,['-'],40.98782,17.874800000000022,8.19195,36.905699999999996,-0.00015,0.00010000000000000026,18.34522,0.0,-128.39855,175.30789999999996,-0.00048,0.0,8.19195,36.905699999999996,-64.39394,53.030299999999926,64.39338,6.785099999999957,16.42.18,240.262,2,1,,,
0.71603,['-'],40.23479,-7.530300000000025,6.63719,-15.5476,-0.00015,0.0,18.34522,0.0,-136.00996,-76.11410000000006,-0.00048,0.0,6.63719,-15.5476,-66.66667,-22.727299999999957,63.86141,-5.319699999999941,16.43.39,240.29,1,,,,
0.71605,['-'],40.23479,0.0,6.63719,0.0,-0.00015,0.0,18.34522,0.0,-136.00996,0.0,-0.00048,0.0,6.63719,0.0,-66.66667,0.0,63.86141,0.0,16.45.12,240.356,1,,,,
0.71596,['-'],37.86438,-23.704099999999997,4.59343,-20.437600000000007,-0.00018,-0.00030000000000000024,19.86959,15.243699999999976,-133.76051,22.49449999999996,-0.00055,-0.0007000000000000002,4.59343,-20.437600000000007,-74.24242,-75.7575,62.21829,-16.43119999999996,16.46.48,241.043,2410.43,,,,
0.71597,['-'],36.50484,-13.595399999999955,2.85036,-17.430699999999998,-0.00018,0.0,19.86959,0.0,-150.90885,-171.4833999999999,-0.00055,0.0,2.85036,-17.430699999999998,-80.30303,-60.60610000000011,60.77765,-14.40640000000002,16.47.58,241.094,2258.5029999999997,,,,
0.71605,['-'],38.40069,18.958499999999958,5.70073,28.503700000000002,-0.00017,9.999999999999999e-05,19.86959,0.0,-127.1443,237.6455,-0.00055,0.0,5.70073,28.503700000000002,-71.9697,83.33330000000004,62.64624,18.685899999999975,16.49.43,241.248,2412.4799999999996,,,,
0.71617,['-'],42.59143,41.90740000000005,22.38755,166.8682,-0.00017,0.0,20.80695,9.373600000000017,-79.00346,481.4084,-0.00056,-9.999999999999918e-05,22.38755,166.8682,-59.05512,129.1458,65.97925,33.330099999999945,16.51.05,241.483,2414.83,,,,
0.71611,2,44.17851,15.870800000000003,25.66437,32.76820000000001,-0.00016,9.999999999999999e-05,20.61579,-1.9116,-64.74723,142.56230000000002,-0.00056,0.0,25.66437,32.76820000000001,-54.33071,47.24409999999999,66.70784,7.285900000000112,16.52.27,241.63,2322.564,,,2,
0.71604,2,39.74829,-44.302200000000056,16.51739,-91.46980000000002,-0.00017,-9.999999999999999e-05,20.61579,0.0,-106.31961,-415.7237999999999,-0.00056,0.0,16.51739,-91.46980000000002,-68.50394,-141.73229999999995,63.44478,-32.63060000000003,16.53.05,241.669,2435.806,,,2,
0.71591,1,38.82834,-9.1995,14.61798,-18.994099999999996,-0.00018,-9.999999999999999e-05,20.61579,0.0,-117.2555,-109.3589,-0.00056,0.0,14.61798,-18.994099999999996,-72.44094,-39.369999999999976,63.2127,-2.320800000000034,16.54.13,241.803,2418.0299999999997,,0,1,
0.71575,1,36.115,-27.133399999999952,8.0343,-65.83679999999998,-0.00021,-0.0003,22.59945,19.836600000000004,-129.45422,-121.98719999999994,-0.00059,-0.0003000000000000008,8.0343,-65.83679999999998,-78.83212,-63.911800000000056,63.54317,3.3047000000000537,16.55.39,241.992,2419.9199999999996,,1,1,
0.71586,0,35.94832,-1.666799999999995,8.0343,0.0,-0.00021,0.0,22.90906,3.0960999999999927,-131.35236,-18.98140000000012,-0.0006,-9.999999999999918e-05,8.0343,0.0,-74.14966,46.82460000000006,64.44141,8.982400000000013,16.57.11,242.154,2223.174,1,1,0,
0.71596,2,36.28323,3.349100000000007,8.0343,0.0,-0.00021,0.0,22.90906,0.0,-127.549,38.03359999999998,-0.00059,9.999999999999918e-05,8.0343,0.0,-72.78912,13.605400000000003,63.64663,-7.947800000000029,16.58.30,242.277,2391.8089999999997,1,2,2,
0.71583,1,36.62444,3.412099999999967,8.0343,0.0,-0.0002,9.999999999999999e-05,22.90906,0.0,-123.71719,38.318100000000044,-0.00059,0.0,8.0343,0.0,-71.42857,13.605500000000035,64.00108,3.5444999999999993,16.59.43,242.416,1,1,1,1,
0.71587,1,36.27023,-3.542100000000019,0.0,-80.34299999999999,-0.00022,-0.00019999999999999998,24.41706,15.079999999999991,-113.13789,105.79300000000003,-0.00059,0.0,0.0,-80.34299999999999,-72.22222,-7.936499999999995,63.33096,-6.701200000000043,17.00.55,242.502,1,2,2,1,
0.71582,1,35.2108,-10.59429999999999,0.0,0.0,-0.00022,0.0,24.41706,0.0,-124.30108,-111.6319,-0.0006,-9.999999999999918e-05,0.0,0.0,-76.38889,-41.666700000000105,62.90187,-4.290899999999951,17.02.18,242.549,1,1,1,1,
0.71579,1,34.53823,-6.725700000000003,0.0,0.0,-0.00022,0.0,24.41706,0.0,-131.62393,-73.22850000000003,-0.0006,0.0,0.0,0.0,-79.16667,-27.777799999999928,62.84944,-0.5243000000000109,17.03.41,242.664,1,1,1,1,
0.71591,1,36.45304,19.148100000000028,0.0,0.0,-0.00022,0.0,24.41706,0.0,-111.25612,203.67810000000006,-0.0006,0.0,0.0,0.0,-71.52778,76.3888999999999,64.82137,19.719300000000004,17.05.01,242.732,2,1,2,1,
0.71599,1,40.37348,39.20439999999999,9.56123,95.61229999999999,-0.00022,0.0,25.48543,10.683700000000016,-77.80224,334.5388,-0.00057,0.0002999999999999997,9.56123,95.61229999999999,-63.88889,76.38890000000004,65.97952,11.58149999999992,17.06.21,242.788,2,2,1,1,
0.716,1,40.37348,0.0,9.56123,0.0,-0.00022,0.0,25.40577,-0.7966000000000051,-77.80224,0.0,-0.00057,0.0,9.56123,0.0,-63.88889,0.0,65.85001,-1.2950999999999624,17.07.23,242.787,2,2,1,1,
0.71586,1,35.91007,-44.63410000000003,0.0,-95.61229999999999,-0.00023,-9.999999999999999e-05,25.40577,0.0,-103.1941,-253.91860000000008,-0.00059,-0.00020000000000000052,0.0,-95.61229999999999,-73.61111,-97.22219999999993,64.5019,-13.481099999999913,17.08.16,242.836,1,1,1,1,
0.71586,1,34.43703,-14.730399999999975,0.0,0.0,-0.00023,0.0,25.40577,0.0,-117.17172,-139.77619999999987,-0.00059,0.0,0.0,0.0,-79.16667,-55.5556,63.00597,-14.959300000000084,17.09.45,242.923,1,1,1,1,
0.71586,1,35.91007,14.730399999999975,0.0,0.0,-0.00023,0.0,26.32386,9.180899999999994,-92.36948,248.02239999999998,-0.00059,0.0,0.0,0.0,-73.61111,55.5556,64.76092,17.54950000000001,17.11.00,242.957,1,1,1,1,
0.71596,1,41.3166,54.065300000000036,11.58153,115.81530000000001,-0.00022,9.999999999999999e-05,26.32386,0.0,-63.37449,289.9498999999999,-0.00059,0.0,11.58153,115.81530000000001,-62.5,111.11109999999996,66.68197,19.21050000000008,17.12.13,243.007,1,1,1,1,
0.71593,1,40.6912,-6.253999999999991,10.24184,-13.39690000000001,-0.00022,0.0,26.32386,0.0,-67.07692,-37.0243,-0.00059,0.0,10.24184,-13.39690000000001,-63.88889,-13.888900000000035,66.30289,-3.7908000000000186,17.13.05,243.065,1,1,1,1,
0.7159,1,39.7277,-9.635000000000034,8.17789,-20.6395,-0.00022,0.0,26.32386,0.0,-72.58806,-55.111399999999975,-0.00059,0.0,8.17789,-20.6395,-65.97222,-20.833299999999895,65.73427,-5.686200000000099,17.14.13,243.115,1,1,1,1,
0.71618,1,44.87591,51.48209999999999,39.42872,312.50829999999996,-0.00019,0.0003,24.49684,-18.27020000000001,-36.06594,365.2212,-0.00051,0.0007999999999999999,39.42872,312.50829999999996,-54.16667,118.0554999999999,64.68629,-10.479799999999955,17.15.29,243.221,2,1,1,1,
0.71619,['-'],45.92238,10.464699999999993,41.6704,22.416800000000023,-0.00019,0.0,24.49684,0.0,-27.82415,82.41789999999997,-0.00053,-0.00019999999999999944,41.6704,22.416800000000023,-51.38889,27.7778,66.81638,21.300899999999956,17.16.06,243.249,0,1,1,,
0.71618,['-'],45.92238,0.0,41.6704,0.0,-0.00019,0.0,24.49684,0.0,-27.82415,0.0,-0.00053,0.0,41.6704,0.0,-51.38889,0.0,66.81638,0.0,17.16.43,243.276,1,1,1,,
0.71617,['-'],47.83306,19.106800000000064,45.76335,40.92950000000002,-0.00018,9.999999999999999e-05,24.49684,0.0,-13.16011,146.6404,-0.00053,0.0,45.76335,40.92950000000002,-46.52778,48.611100000000036,68.12208,13.057000000000016,17.17.27,243.258,1,1,,,
0.71617,['-'],46.75811,-10.749500000000012,43.46067,-23.026800000000023,-0.00018,0.0,24.49684,0.0,-21.57751,-84.174,-0.00053,0.0,43.46067,-23.026800000000023,-49.30556,-27.7778,67.37597,-7.461100000000016,17.18.02,243.299,1,1,,,
0.71619,['-'],45.92238,-8.357300000000052,41.6704,-17.902699999999996,-0.00019,-9.999999999999999e-05,24.49684,0.0,-27.82415,-62.46639999999999,-0.00053,0.0,41.6704,-17.902699999999996,-51.38889,-20.833300000000037,66.81638,-5.5959,17.18.43,243.323,1,,,,
0.71619,['-'],41.40923,-45.13149999999996,32.00263,-96.67769999999997,-0.0002,-9.999999999999999e-05,24.49684,0.0,-68.07131,-402.4715999999999,-0.00053,0.0,32.00263,-96.67769999999997,-65.27778,-138.88890000000004,63.08579,-37.30589999999992,17.19.30,243.343,1,,,,
0.71628,['-'],49.42367,80.1444,80.76359,487.6095999999999,-0.00015,0.0005000000000000002,22.99453,-15.023099999999978,4.884,729.5531,-0.0004,0.0012999999999999995,80.76359,487.6095999999999,-40.71429,245.63490000000007,65.23256,21.467700000000036,17.20.22,243.38,2433.7999999999997,,,,
0.71628,['-'],49.68881,2.6513999999999527,80.76359,0.0,-0.00015,0.0,22.93159,-0.6294000000000111,7.18942,23.054199999999998,-0.00042,-0.00019999999999999998,80.76359,0.0,-40.0,7.142899999999983,67.24675,20.141899999999993,17.20.52,243.432,2584.5509999999995,,,,
0.71628,['-'],50.21083,5.220200000000048,80.76359,0.0,-0.00015,0.0,22.93159,0.0,11.77256,45.8314,-0.00042,0.0,80.76359,0.0,-38.57143,14.285700000000006,67.622,3.752499999999941,17.21.31,243.416,2440.4539999999997,,,,
0.71627,['-'],48.61121,-15.996200000000016,78.93653,-18.270599999999888,-0.00015,0.0,22.93159,0.0,-2.0818,-138.5436,-0.00042,0.0,78.93653,-18.270599999999888,-42.85714,-42.85710000000002,66.49625,-11.257499999999965,17.22.09,243.434,2434.3399999999997,,,,
0.71625,1,46.14055,-24.706600000000023,72.80783,-61.28700000000009,-0.00016,-0.00010000000000000026,22.93159,0.0,-24.9819,-229.00099999999998,-0.00042,0.0,72.80783,-61.28700000000009,-50.0,-71.42859999999999,64.62001,-18.7624000000001,17.23.24,243.498,2434.9799999999996,,,1,
0.71625,1,46.14055,0.0,72.80783,0.0,-0.00016,0.0,22.93159,0.0,-24.9819,0.0,-0.00042,0.0,72.80783,0.0,-50.0,0.0,64.62001,0.0,17.24.08,243.513,2435.13,,,1,
0.71617,1,47.34367,12.031200000000055,75.79228,29.844500000000096,-0.00016,0.0,22.93159,0.0,-13.61537,113.66529999999999,-0.00042,0.0,75.79228,29.844500000000096,-46.42857,35.714299999999994,65.55813,9.38120000000012,17.24.50,243.563,2435.6299999999997,,1,1,
0.71616,1,45.99668,-13.469900000000052,83.90784,81.15559999999988,-0.00014,0.00020000000000000025,22.5129,-4.186900000000016,-19.9005,-62.8513,-0.00034,0.0007999999999999999,83.90784,81.15559999999988,-46.9697,-5.4113000000000255,69.1557,35.975699999999904,17.25.26,243.587,2435.87,,1,1,
0.71618,1,45.50015,-4.965299999999999,82.60472,-13.031199999999927,-0.00014,0.0,22.5129,0.0,-25.05852,-51.580200000000005,-0.00034,0.0,82.60472,-13.031199999999927,-48.48485,-15.151499999999984,68.75415,-4.015500000000003,17.26.03,243.624,2478.109,1,1,1,
0.71618,1,43.61678,-18.833699999999993,77.66193,-49.42790000000002,-0.00015,-9.999999999999999e-05,22.5129,0.0,-45.31271,-202.5419,-0.00034,0.0,77.66193,-49.42790000000002,-54.54545,-60.60600000000001,67.14795,-16.062000000000012,17.26.52,243.64,2436.3999999999996,1,1,1,
0.71618,1,46.76214,31.453600000000037,85.91674,82.54810000000006,-0.00014,9.999999999999999e-05,22.5129,0.0,-12.09089,332.21819999999997,-0.00034,0.0,85.91674,82.54810000000006,-44.69697,98.48480000000002,69.75803,26.100800000000106,17.27.39,243.658,1,1,1,1,
0.71618,1,47.55351,7.913700000000006,87.99363,20.768899999999917,-0.00014,0.0,22.5129,0.0,-4.19287,78.9802,-0.00034,0.0,87.99363,20.768899999999917,-42.42424,22.727300000000028,70.36036,6.023299999999949,17.28.17,243.672,1,1,1,1,
0.71624,1,45.99668,-15.56830000000005,83.90784,-40.85790000000003,-0.00014,0.0,22.5129,0.0,-19.9005,-157.0763,-0.00034,0.0,83.90784,-40.85790000000003,-46.9697,-45.454600000000056,68.31897,-20.41390000000007,17.28.57,243.695,1,1,1,1,
0.71634,2,50.08947,40.92790000000001,90.76951,68.61670000000004,-0.00013,9.999999999999999e-05,22.5129,0.0,19.4617,393.622,-0.00033,0.00010000000000000026,90.76951,68.61670000000004,-35.60606,113.63640000000004,69.87746,15.584900000000061,17.29.44,243.834,0,2,1,2,
0.7163,1,53.41222,33.22749999999999,90.76951,0.0,-0.00012,9.999999999999986e-05,21.42207,-10.908299999999969,52.02467,325.62969999999996,-0.00032,9.999999999999972e-05,90.76951,0.0,-25.75758,98.48479999999998,71.26455,13.870900000000006,17.30.16,243.93,1,1,1,1,
0.71637,2,51.9744,-14.37819999999995,96.89525,61.257400000000075,-0.0001,0.00019999999999999998,20.02036,-14.017100000000013,44.54148,-74.8319,-0.00022,0.001,96.89525,61.257400000000075,-12.38095,133.7663,71.53525,2.7070000000000505,17.30.52,244.032,2,1,2,2,
0.7163,1,53.30184,13.274399999999957,96.89525,0.0,-0.0001,0.0,20.02036,0.0,57.73938,131.97899999999996,-0.00022,0.0,96.89525,0.0,-7.61905,47.61900000000001,72.38704,8.51789999999994,17.31.27,244.088,1,1,1,1,
0.71634,1,49.43219,-38.6965,92.61929,-42.75959999999998,-0.00011,-9.999999999999999e-05,20.02036,0.0,20.04454,-376.9484,-0.00022,0.0,92.61929,-42.75959999999998,-20.95238,-133.3333,69.59471,-27.923299999999927,17.32.09,244.179,1,2,1,1,
0.71633,1,50.54996,11.177700000000002,95.02126,24.019699999999915,-0.00011,0.0,20.02036,0.0,31.05224,110.077,-0.00022,0.0,95.02126,24.019699999999915,-17.14286,38.09520000000003,70.39252,7.9780999999999835,17.32.49,244.222,1,0,1,1,
0.71631,1,50.26581,-2.841499999999968,94.41064,-6.106199999999973,-0.00011,0.0,20.02036,0.0,28.31858,-27.336600000000004,-0.00022,0.0,94.41064,-6.106199999999973,-18.09524,-9.523800000000016,70.19307,-1.994499999999988,17.33.32,244.291,1,1,1,1,
0.71634,1,50.83735,5.715399999999988,95.63882,12.281799999999947,-0.0001,9.999999999999999e-05,20.02036,0.0,33.77386,54.55279999999998,-0.00022,0.0,95.63882,12.281799999999947,-16.19048,19.047599999999996,70.59197,3.988999999999976,17.34.11,244.346,2,1,1,1,
0.71639,1,52.24589,14.085400000000021,96.89525,12.564300000000088,-0.0001,0.0,20.02036,0.0,47.20407,134.30210000000002,-0.00022,0.0,96.89525,12.564300000000088,-11.42857,47.6191,71.58923,9.972599999999971,17.34.49,244.373,2,2,2,1,
0.7164,2,52.55533,3.0943999999999505,96.9116,0.1635000000000275,-8e-05,0.00019999999999999998,18.71878,-13.015800000000013,47.81391,6.098399999999984,-0.00011,0.0011,96.9116,0.1635000000000275,-9.61538,18.131900000000005,70.01445,-15.74780000000004,17.35.33,244.397,2,0,2,2,
0.71633,1,52.82472,2.6939000000000135,96.9116,0.0,-8e-05,0.0,18.78042,0.6164000000000058,50.44425,26.303399999999968,-0.00013,-0.00019999999999999985,96.9116,0.0,-8.65385,9.615299999999998,71.56232,15.478700000000032,17.36.08,244.424,1,1,1,1,
0.71633,['-'],52.0072,-8.175200000000018,96.9116,0.0,-8e-05,0.0,18.78042,0.0,42.52252,-79.21729999999997,-0.00013,0.0,96.9116,0.0,-11.53846,-28.846100000000003,70.94204,-6.2027999999999395,17.36.54,244.474,1,1,2,,
0.71636,['-'],52.55533,5.4813000000000045,96.9116,0.0,-8e-05,0.0,18.78042,0.0,47.81391,52.9139,-0.00013,0.0,96.9116,0.0,-9.61538,19.230800000000006,71.35556,4.135199999999912,17.37.37,244.539,1,1,2,,
0.71639,['-'],52.0072,-5.4813000000000045,96.9116,0.0,-8e-05,0.0,18.78042,0.0,42.52252,-52.9139,-0.00013,0.0,96.9116,0.0,-11.53846,-19.230800000000006,70.94204,-4.135199999999912,17.38.14,244.62,2,2,,,
0.71637,['-'],51.44626,-5.609399999999951,96.9116,0.0,-9e-05,-9.999999999999999e-05,18.78042,0.0,37.18978,-53.32740000000001,-0.00013,0.0,96.9116,0.0,-13.46154,-19.230799999999988,70.52852,-4.135200000000054,17.38.51,244.642,1,2,,,
0.7164,['-'],51.44626,0.0,96.9116,0.0,-9e-05,0.0,18.78042,0.0,37.18978,0.0,-0.00013,0.0,96.9116,0.0,-13.46154,0.0,70.52852,0.0,17.39.33,244.697,2,,,,
0.71637,['-'],52.0072,5.609399999999951,96.9116,0.0,-8e-05,9.999999999999999e-05,18.78042,0.0,42.52252,53.32740000000001,-0.00013,0.0,96.9116,0.0,-11.53846,19.230799999999988,70.94204,4.135200000000054,17.40.08,244.75,2,,,,
0.71638,['-'],52.73176,7.245600000000039,93.18046,-37.311400000000106,-7e-05,0.00010000000000000013,17.62905,-11.5137,54.02143,114.98910000000002,-7e-05,0.0006,93.18046,-37.311400000000106,-9.61538,19.230800000000006,71.05166,1.096199999999925,17.40.39,244.767,2447.6699999999996,,,,
0.7164,['-'],54.12054,13.88779999999997,93.18046,0.0,-6e-05,9.999999999999992e-05,17.69423,0.6518000000000157,67.66749,136.46059999999997,-9e-05,-0.00020000000000000012,93.18046,0.0,-4.80769,48.076899999999995,72.97795,19.262900000000087,17.41.34,244.796,2563.097,,,,
0.71631,['-'],54.12054,0.0,93.18046,0.0,-6e-05,0.0,17.69423,0.0,67.66749,0.0,-9e-05,0.0,93.18046,0.0,-4.80769,0.0,72.97795,0.0,17.42.17,244.827,2441.752,,,,
0.71635,['-'],50.63998,-34.80559999999997,91.49989,-16.80570000000003,-7e-05,-9.999999999999992e-05,17.69423,0.0,34.44317,-332.24319999999994,-9e-05,0.0,91.49989,-16.80570000000003,-16.34615,-115.3846,70.42615,-25.518,17.43.01,244.861,2448.6099999999997,,,,
0.71648,2,51.25628,6.162999999999954,92.82426,13.243700000000018,-7e-05,0.0,17.69423,0.0,40.09452,56.51350000000001,-9e-05,0.0,92.82426,13.243700000000018,-14.42308,19.23070000000001,70.85145,4.252999999999929,17.44.13,244.908,2449.08,,,2,
0.71647,2,54.91531,36.59030000000001,93.18046,3.562000000000012,-6e-05,9.999999999999992e-05,18.23014,5.359099999999977,75.72383,356.29310000000004,-8e-05,9.999999999999999e-05,93.18046,3.562000000000012,-8.10811,63.1497,72.2041,13.52649999999997,17.45.03,245.01,2450.1,,,2,
0.71648,2,54.31375,-6.015599999999992,95.66471,24.84250000000003,-4e-05,0.00019999999999999998,17.71917,-5.109700000000004,75.16944,-5.5439000000001215,-2e-05,0.0006000000000000001,95.66471,24.84250000000003,-9.90991,-18.018,70.89203,-13.120699999999914,17.45.52,245.478,2401.1890000000003,,2,2,
0.71651,2,54.93533,6.215800000000016,96.26886,6.041500000000042,-4e-05,0.0,17.71917,0.0,80.68722,55.17780000000002,-2e-05,0.0,96.26886,6.041500000000042,-8.10811,18.018,71.18597,2.939399999999921,17.46.29,245.523,2506.3269999999998,,2,2,
0.71651,2,56.81435,18.79019999999997,96.26886,0.0,-3e-05,0.00010000000000000002,17.71917,0.0,99.64467,189.57450000000009,-2e-05,0.0,96.26886,0.0,-1.8018,63.0631,72.7904,16.044300000000078,17.47.20,245.569,2455.6899999999996,2,2,2,
0.7165,2,55.76028,-10.540699999999958,96.26886,0.0,-4e-05,-0.00010000000000000002,17.71917,0.0,88.87873,-107.6594,-3e-05,-9.999999999999999e-05,96.26886,0.0,-5.40541,-36.0361,72.47758,-3.128200000000021,17.47.58,245.621,2456.21,2,2,2,
0.71653,2,56.81435,10.540699999999958,96.26886,0.0,-3e-05,0.00010000000000000002,18.05522,3.360500000000002,99.64467,107.6594,-2e-05,9.999999999999999e-05,96.26886,0.0,-6.83761,-14.322,72.38591,-0.9167000000000769,17.48.56,245.694,2,2,2,2,
0.71652,2,54.93533,-18.79019999999997,96.26886,0.0,-4e-05,-0.00010000000000000002,18.05522,0.0,80.68722,-189.57450000000009,-2e-05,0.0,96.26886,0.0,-12.82051,-59.82900000000001,70.84905,-15.368599999999901,17.49.28,245.718,2,2,2,2,
0.71643,2,52.42532,-25.100100000000012,76.19966,-200.6920000000001,-5e-05,-9.999999999999999e-05,15.94141,-21.13809999999999,79.34876,-13.384599999999978,-0.0,0.0002,76.19966,-200.6920000000001,-18.80342,-59.82909999999998,63.54977,-72.99280000000003,17.50.25,245.866,2,2,2,2,
0.71638,2,53.06097,6.356499999999983,77.3301,11.304400000000072,-5e-05,0.0,15.94141,0.0,88.43537,90.86610000000007,-0.0,0.0,77.3301,11.304400000000072,-16.23932,25.641,62.86444,-6.853300000000004,17.51.16,245.94,1,2,2,2,
0.71638,2,52.85098,-2.099899999999977,76.95666,-3.734400000000022,-5e-05,0.0,15.94141,0.0,85.42199,-30.13380000000012,-0.0,0.0,76.95666,-3.734400000000022,-17.09402,-8.547000000000011,62.65617,-2.0826999999999884,17.52.03,245.981,2,2,2,2,
0.71638,2,52.20959,-6.413900000000012,75.81601,-11.406499999999937,-5e-05,0.0,15.94141,0.0,76.28866,-91.33330000000001,-0.0,0.0,75.81601,-11.406499999999937,-19.65812,-25.641,62.03136,-6.248100000000036,17.52.56,246.039,2,2,2,2,
0.71637,2,51.55051,-6.590799999999959,74.6439,-11.721100000000035,-6e-05,-9.999999999999999e-05,15.94141,0.0,67.01299,-92.75669999999991,-0.0,0.0,74.6439,-11.721100000000035,-22.22222,-25.641,61.40656,-6.248000000000005,17.53.48,246.122,2,2,2,2,
0.7164,2,53.26909,17.185799999999958,77.70023,30.563300000000027,-5e-05,9.999999999999999e-05,15.94141,0.0,91.43342,244.20429999999996,-0.0,0.0,77.70023,30.563300000000027,-15.38462,68.37599999999999,63.0727,16.661399999999986,17.54.42,246.177,2,2,2,2,
0.71619,2,46.69585,-65.73239999999998,60.49204,-172.08190000000002,-6e-05,-9.999999999999999e-05,15.33986,-6.015499999999996,3.38308,-880.5033999999998,-0.0,0.0,60.49204,-172.08190000000002,-40.17094,-247.86320000000003,58.18459,-48.881099999999975,17.55.28,246.238,2,2,2,2,
0.71619,2,48.88821,21.923600000000008,64.39093,38.988899999999944,-5e-05,9.999999999999999e-05,15.33986,0.0,40.0,366.1692,-0.0,0.0,64.39093,38.988899999999944,-31.62393,85.4701,60.2279,20.433099999999982,17.56.28,246.289,2,2,2,2,
0.71616,2,46.9062,-19.820100000000025,60.86613,-35.24799999999999,-6e-05,-9.999999999999999e-05,15.33986,0.0,7.14286,-328.5714,-0.0,0.0,60.86613,-35.24799999999999,-39.31624,-76.92309999999999,58.38892,-18.389799999999994,17.57.05,246.317,2,2,2,2,
0.71621,2,46.69585,-2.1034999999999826,60.49204,-3.7408999999999537,-6e-05,0.0,15.88474,5.448800000000009,3.38308,-37.59779999999999,-1e-05,-0.0001,60.49204,-3.7408999999999537,-40.17094,-8.547000000000011,59.04421,6.552900000000008,17.58.02,246.384,2,2,2,2,
0.71613,2,47.54877,8.529199999999975,62.00887,15.168299999999988,-6e-05,0.0,15.88474,0.0,18.28909,149.0601,-1e-05,0.0,62.00887,15.168299999999988,-36.75214,34.188000000000045,59.84239,7.981800000000021,17.59.00,246.438,2,2,2,2,
0.71615,2,46.07598,-14.727899999999963,59.38966,-26.192100000000025,-6e-05,0.0,16.55208,6.673399999999994,-7.93651,-262.256,-3e-05,-0.00019999999999999998,59.38966,-26.192100000000025,-42.73504,-59.82900000000001,59.68143,-1.6096000000000288,17.59.48,246.451,2,2,2,2,
0.716,['-'],42.75773,-33.18249999999999,59.5485,1.5883999999999787,-8e-05,-0.00020000000000000004,18.00913,14.570499999999988,-65.45821,-575.2169999999999,-9e-05,-0.0006000000000000001,59.5485,1.5883999999999787,-56.41026,-136.75220000000002,59.8333,1.518700000000024,18.00.43,18.0,1,1,1,,
0.71607,['-'],42.94765,1.8992000000000075,59.88625,3.3774999999999977,-7e-05,0.00010000000000000013,18.00913,0.0,-61.81818,36.40029999999996,-9e-05,0.0,59.88625,3.3774999999999977,-55.55556,8.547000000000011,60.01968,1.8637999999999977,18.01.43,21.0,0,0,0,,
0.71607,['-'],41.12116,-18.264899999999997,56.63801,-32.482399999999956,-8e-05,-0.00010000000000000013,18.00913,0.0,-97.2549,-354.3672000000001,-9e-05,0.0,56.63801,-32.482399999999956,-64.10256,-85.46999999999997,58.1559,-18.637799999999984,18.02.21,21.0,0,0,,,
0.71607,['-'],44.32584,32.04679999999996,62.33722,56.99210000000001,-7e-05,0.00010000000000000013,18.00913,0.0,-35.70691,615.4799,-8e-05,9.999999999999999e-05,62.33722,56.99210000000001,-49.57265,145.29909999999992,60.22667,20.70769999999996,18.03.13,26.0,0,0,,,
0.71607,['-'],43.7245,-6.013400000000004,61.2678,-10.69420000000001,-7e-05,0.0,18.00913,0.0,-47.03476,-113.27849999999998,-8e-05,0.0,61.2678,-10.69420000000001,-52.13675,-25.640999999999963,59.67934,-5.473299999999952,18.04.12,27.0,0,,,,
0.71607,['-'],45.7954,20.709000000000017,64.9507,36.828999999999965,-6e-05,9.999999999999992e-05,18.00913,0.0,-8.43882,385.95939999999996,-8e-05,0.0,64.9507,36.828999999999965,-43.58974,85.4701,61.50378,18.244399999999956,18.05.08,31.0,0,,,,
0.71607,['-'],44.59934,-11.960600000000028,49.97523,-149.75469999999993,-8e-05,-0.00020000000000000004,19.36211,13.529800000000023,-26.85883,-184.2001,-0.00011,-0.0003,49.97523,-149.75469999999993,-48.71795,-51.28210000000003,59.26371,-22.400699999999958,18.05.50,34.0,340.0,,,,
0.71607,['-'],44.32584,-2.734999999999985,49.48882,-4.8641000000000645,-8e-05,0.0,19.36211,0.0,-30.91661,-40.577799999999975,-0.00011,0.0,49.48882,-4.8641000000000645,-49.57265,-8.547000000000011,59.07836,-1.8534999999999968,18.06.52,37.0,234.70199999999977,,,,
0.71607,['-'],38.27856,-60.47280000000001,38.73432,-107.545,-0.0001,-0.00019999999999999998,19.36211,0.0,-147.92899,-1170.1238,-0.00013,-0.00019999999999999985,38.73432,-107.545,-76.92308,-273.50429999999994,54.4689,-46.09460000000006,18.07.49,62.0,620.0,,,,
0.71607,['-'],44.32584,60.47280000000001,49.48882,107.545,-8e-05,0.00019999999999999998,19.36211,0.0,-30.91661,1170.1238,-0.00015,-0.00019999999999999998,49.48882,107.545,-49.57265,273.50429999999994,62.09426,76.2536,18.08.55,76.0,760.0,,,,
0.71607,2,40.52459,-38.01249999999996,42.72866,-67.60159999999999,-9e-05,-9.999999999999999e-05,19.36211,0.0,-103.17949,-722.6288,-0.00015,0.0,42.72866,-67.60159999999999,-65.81197,-162.39319999999998,58.86081,-32.33449999999998,18.10.07,76.0,760.0,,,2,
0.71607,2,44.32584,38.01249999999996,44.89989,21.712300000000013,-8e-05,9.999999999999999e-05,20.61844,12.563299999999984,-29.98921,731.9028,-0.00021,-0.0006000000000000002,44.89989,21.712300000000013,-49.57265,162.39319999999998,64.04771,51.86899999999994,18.10.50,79.0,790.0,,,2,
0.71607,2,40.25901,-40.66829999999996,37.66743,-72.32459999999996,-0.0001,-0.00019999999999999998,20.61844,0.0,-101.62602,-716.3680999999999,-0.00021,0.0,37.66743,-72.32459999999996,-65.81197,-162.39319999999998,60.90379,-31.439199999999943,18.11.37,81.0,684.3670000000001,,2,2,
0.71607,2,44.91161,46.525999999999996,45.94163,82.742,-8e-05,0.00019999999999999998,20.61844,0.0,-21.92554,797.0047999999999,-0.00022,-9.999999999999999e-05,45.94163,82.742,-47.86325,179.4872,64.55646,36.526700000000005,18.12.24,103.0,1030.0,,2,2,
0.71607,2,37.70968,-72.01930000000004,33.13369,-128.07940000000002,-0.00011,-0.0003,20.61844,0.0,-149.31774,-1273.9219999999998,-0.00022,0.0,33.13369,-128.07940000000002,-77.77778,-299.1453,58.79731,-57.59149999999998,18.13.11,108.0,1080.0,2,2,2,
0.71576,1,44.32584,66.1616,44.89989,117.66199999999998,-8e-05,0.0003,20.61844,0.0,-29.98921,1193.2852999999998,-0.00022,0.0,44.89989,117.66199999999998,-49.57265,282.0513,64.22737,54.3005999999999,18.14.28,118.0,1180.0,1,1,1,
0.71602,2,40.65161,-36.742300000000014,38.36563,-65.34259999999996,-9e-05,-9.999999999999999e-05,20.61844,0.0,-94.47853,-644.8932,-0.00022,0.0,38.36563,-65.34259999999996,-64.10256,-145.29909999999992,61.43006,-27.97309999999996,18.15.14,126.0,2,2,2,2,
0.71576,2,40.65161,0.0,23.399,-149.6663,-0.00011,-0.00019999999999999998,21.78504,11.66599999999999,-89.68254,47.95990000000003,-0.00029,-0.0006999999999999999,23.399,-149.6663,-64.10256,0.0,60.26996,-11.600999999999999,18.15.57,129.0,1,1,1,2,
0.71582,2,39.40995,-12.41659999999996,23.399,0.0,-0.00011,0.0,21.78504,0.0,-110.33138,-206.48839999999993,-0.00029,0.0,23.399,0.0,-69.23077,-51.2821000000001,59.28319,-9.8677,18.16.51,130.0,0,1,2,2,
0.71582,2,39.40995,0.0,23.399,0.0,-0.00011,0.0,21.78504,0.0,-110.33138,0.0,-0.00029,0.0,23.399,0.0,-69.23077,0.0,59.42134,1.381500000000031,18.17.55,134.0,1,0,2,2,
0.71582,2,39.21035,-1.9960000000000377,23.399,0.0,-0.00011,0.0,21.78504,0.0,-113.70262,-33.7124,-0.00029,0.0,23.399,0.0,-70.08547,-8.54699999999994,59.25748,-1.6385999999999967,18.18.51,134.0,1,2,2,2,
0.71582,2,40.22912,10.187700000000035,23.399,0.0,-0.00011,0.0,21.82186,0.36820000000002295,-96.64694,170.55679999999995,-0.00029,0.0,23.399,0.0,-65.81197,42.734999999999985,60.21147,9.539899999999975,18.19.54,153.0,0,2,2,2,
0.71582,1,41.25318,10.240599999999986,15.56044,-78.38560000000001,-0.00011,0.0,22.93933,11.174700000000009,-86.49174,101.55200000000008,-0.00031,-0.00019999999999999998,15.56044,-78.38560000000001,-64.10256,17.094100000000054,64.06622,38.54750000000003,18.20.25,154.0,2,2,2,1,
0.71599,2,43.04422,17.910400000000024,19.82425,42.638099999999994,-0.00011,0.0,22.93933,0.0,-58.30846,281.83279999999996,-0.00032,-0.00010000000000000026,19.82425,42.638099999999994,-57.26496,68.37599999999995,66.48473,24.185099999999977,18.21.16,166.0,2,2,2,2,
0.71598,2,43.04422,0.0,19.82425,0.0,-0.00011,0.0,22.93933,0.0,-58.30846,0.0,-0.00032,0.0,19.82425,0.0,-57.26496,0.0,66.48473,0.0,18.22.04,186.0,2,2,2,2,
0.71582,1,39.60524,-34.38980000000001,14.12831,-56.95939999999998,-0.00012,-9.999999999999999e-05,22.93933,0.0,-113.39031,-550.8185,-0.00032,0.0,14.12831,-56.95939999999998,-70.94017,-136.75209999999993,63.80663,-26.781000000000006,18.22.44,194.0,2,2,1,1,
0.71573,1,36.6751,-29.301400000000015,14.12831,0.0,-0.00013,-9.999999999999986e-05,23.23327,2.939399999999992,-163.66939,-502.79079999999993,-0.00033,-9.999999999999972e-05,14.12831,0.0,-84.61538,-136.75210000000007,61.64488,-21.61749999999998,18.23.53,200.0,2,1,1,1,
0.71568,1,35.52523,-11.4987,14.12831,0.0,-0.00014,-9.999999999999999e-05,23.23327,0.0,-184.31373,-206.4434,-0.00033,0.0,14.12831,0.0,-90.59829,-59.82910000000004,60.49063,-11.542499999999976,18.25.07,209.0,1,1,1,1,
0.71557,1,37.95301,24.277799999999985,7.46423,-66.64080000000001,-0.00015,-9.999999999999999e-05,24.54387,13.105999999999973,-127.30318,570.1054999999999,-0.00034,-0.00010000000000000026,7.46423,-66.64080000000001,-80.34188,102.56410000000002,60.7559,2.652699999999939,18.26.20,214.0,1,1,1,1,
0.71577,2,37.01744,-9.355699999999985,5.69594,-17.682899999999993,-0.00015,0.0,24.54387,0.0,-135.92879,-86.25609999999995,-0.00034,0.0,5.69594,-17.682899999999993,-82.90598,-25.640999999999963,60.14171,-6.141899999999936,18.27.34,233.0,1,1,1,2,
0.71567,['-'],36.83232,-1.8511999999999773,5.69594,0.0,-0.00015,0.0,24.54387,0.0,-138.77822,-28.494300000000123,-0.00034,0.0,5.69594,0.0,-83.76068,-8.54699999999994,59.83735,-3.0436000000000263,18.28.59,261.0,1,1,0,,
0.71573,['-'],37.33242,5.000999999999962,1.19065,-45.0529,-0.00016,-0.00010000000000000026,25.80028,12.564100000000025,-123.62768,151.50540000000007,-0.00035,-9.999999999999972e-05,1.19065,-45.0529,-82.05128,17.09399999999988,59.7354,-1.019500000000022,18.30.19,274.0,1,1,1,,
0.71583,['-'],41.13665,38.04230000000004,8.38093,71.90279999999998,-0.00015,0.00010000000000000026,25.38911,-4.11170000000002,-89.72787,338.9981,-0.00034,9.999999999999972e-05,8.38093,71.90279999999998,-71.79487,102.56410000000002,60.32188,5.864800000000017,18.31.30,301.0,2,2,,,
0.71591,['-'],44.50545,33.688,14.7482,63.67270000000001,-0.00014,9.999999999999999e-05,24.88007,-5.090399999999988,-53.89071,358.37159999999994,-0.00034,0.0,14.7482,63.67270000000001,-61.53846,102.56410000000002,62.06696,17.450800000000015,18.32.09,319.0,2,2,,,
0.7159,['-'],41.72624,-27.79210000000006,9.49529,-52.5291,-0.00015,-9.999999999999999e-05,24.88007,0.0,-83.88738,-299.96669999999995,-0.00034,0.0,9.49529,-52.5291,-70.08547,-85.4701,60.31854,-17.48420000000003,18.32.48,359.0,2,,,,
0.71586,['-'],36.93458,-47.9166,0.59533,-88.9996,-0.00017,-0.00020000000000000025,26.34316,14.630900000000011,-129.0578,-451.7041999999999,-0.00035,-9.999999999999972e-05,0.59533,-88.9996,-77.16535,-70.79880000000003,58.25828,-20.602599999999995,18.33.43,431.0,2,,,,
0.71577,['-'],38.32884,13.942600000000027,3.07397,24.786399999999997,-0.00016,9.999999999999999e-05,26.34316,0.0,-115.38462,136.73179999999988,-0.00035,0.0,3.07397,24.786399999999997,-73.22835,39.369999999999976,59.11538,8.571000000000026,18.35.08,458.0,4433.691,,,,
0.71585,['-'],36.91945,-14.09390000000002,0.81267,-22.613000000000003,-0.00017,-9.999999999999999e-05,28.01393,16.707699999999974,-119.43442,-40.49800000000005,-0.00034,9.999999999999972e-05,0.81267,-22.613000000000003,-77.16535,-39.369999999999976,54.86251,-42.528700000000015,18.36.01,462.0,4620.0,,,,
0.71567,['-'],34.35755,-25.618999999999943,0.81267,0.0,-0.00019,-0.00019999999999999998,28.01393,0.0,-151.26417,-318.2975,-0.00034,0.0,0.81267,0.0,-87.40157,-102.36220000000003,52.44528,-24.172300000000035,18.37.35,489.0,4722.923,,,,
0.71575,['-'],58.9408,245.83249999999998,3.92213,31.094600000000003,0.00556,0.057499999999999996,35.92165,79.0772,40.12365,1913.8781999999999,0.01264,0.1298,3.92213,31.094600000000003,-48.07585,393.2572,49.78814,-26.571399999999983,18.38.55,506.0,5060.0,,,,
