1,2,3,4,5,6,7,8,9,10,11,12,13,14,15,16,17,18,19,20,21,22,23,24,25,26,0
5M,RSI,Aceleracion RSI,Oscilador Estocastico,Aceleracion de Oscilador Estocastico,Nivel MACD,Aceleracion de Nivel MACD,IMDM,Aceleracion IMDM,ICBP,Aceleracion de ICBP,OA,Aceleracion de OA,RSIR,Aceleracion RSIR,Williams,Aceleracion de Williams,OU,Aceleracion de OU,Volumen ,Volumen Pendiente,Hora,Mayor o Menor 1.5m,Mayor o Menor 2.5m,Mayor o Menor 3.5m,Mayor o Menor 4.5m,
2,4,2,3,2,1,2,1,3,1,2,3,4,2,2,1,2,6,1,1,1,14.56.54,2,2,2,2,
0,4,4,3,3,1,4,1,2,1,4,3,2,2,4,1,4,7,4,1,1,14.56.23,2,1,1,2,
1,2,1,2,1,1,1,1,1,1,1,3,2,1,1,1,1,6,1,1,1,14.55.46,1,1,1,1,
1,4,4,3,3,1,4,1,2,1,4,3,2,2,3,1,4,6,4,1,1,14.55.12,1,1,1,1,
1,3,4,2,3,1,2,1,2,1,4,3,2,2,3,1,3,5,4,1,1,14.54.35,1,1,1,1,
1,2,1,2,1,1,2,1,2,1,1,3,2,2,1,1,1,5,1,1,1,14.54.00,1,1,1,1,
1,3,1,2,1,1,2,1,2,1,2,3,2,2,1,1,1,5,1,1,1,14.53.21,1,1,1,1,
1,3,1,2,1,1,1,1,2,1,1,3,2,2,1,1,1,5,1,1,1,14.52.48,2,1,1,1,
1,3,4,2,3,1,4,1,2,1,4,3,4,2,3,1,4,6,4,1,1,14.52.14,1,2,1,1,
1,2,4,2,3,1,2,1,2,1,4,2,2,2,3,1,3,5,4,1,1,14.51.41,1,2,1,1,
1,2,1,2,1,1,2,1,2,1,1,2,2,1,1,1,1,5,1,1,1,14.51.09,1,1,1,1,
1,2,1,2,3,1,1,1,1,1,1,2,4,2,3,1,1,5,4,1,1,14.50.32,1,1,1,1,
2,3,4,2,3,1,2,2,2,1,4,1,2,1,3,1,4,4,4,1,1,14.49.55,2,2,0,2,
2,2,4,1,3,1,4,2,2,1,4,1,2,1,3,1,4,4,4,1,1,14.49.20,2,2,2,2,
0,1,1,1,1,1,1,2,2,1,1,1,2,1,1,1,1,2,1,1,1,14.48.47,2,2,2,0,
2,4,1,2,1,1,2,2,2,1,1,1,2,2,1,1,1,5,1,1,1,14.48.16,2,2,2,2,
2,4,4,2,3,1,2,2,3,1,4,1,2,2,3,1,3,5,3,1,1,14.47.38,2,2,2,2,
2,4,3,2,3,1,2,1,2,1,3,1,2,2,3,1,3,5,1,1,1,14.47.03,2,2,2,2,
2,4,1,2,1,1,2,1,2,1,1,1,2,2,1,1,1,5,1,1,1,14.46.33,2,2,2,2,
2,4,4,2,3,1,4,1,2,1,4,1,4,2,3,1,3,5,4,1,1,14.45.55,2,2,2,2,
2,3,1,2,3,1,1,1,1,1,1,1,4,1,2,1,1,5,3,1,1,14.45.26,2,2,2,2,
2,4,4,2,4,1,4,2,2,1,4,1,2,1,4,1,4,5,4,1,1,14.44.47,1,2,2,2,
1,2,1,1,1,1,1,2,2,1,1,1,2,1,1,1,1,3,1,1,1,14.44.12,1,1,2,2,
1,3,1,1,1,1,1,2,2,1,1,1,2,1,1,1,1,4,1,1,1,14.43.41,1,1,1,1,
1,4,4,2,3,1,2,2,4,1,4,1,4,1,3,1,3,5,1,1,1,14.43.08,1,1,1,2,
2,3,4,2,4,1,4,1,2,1,4,1,4,1,4,1,4,5,4,1,1,14.42.32,2,2,1,2,
1,1,1,1,1,1,2,1,3,1,1,1,1,1,2,1,1,3,3,1,1,14.41.55,1,1,1,1,
1,1,2,1,2,1,2,1,2,1,2,1,1,1,2,1,2,3,4,1,1,14.41.18,1,1,1,1,
1,1,1,1,1,1,1,1,1,1,1,1,1,1,1,1,1,3,3,1,1,14.40.40,1,1,1,1,
1,2,4,1,3,1,4,2,2,1,4,1,2,1,3,1,3,3,4,1,1,14.40.08,1,1,1,1,
1,1,1,1,1,1,2,2,2,1,2,1,2,1,2,1,1,3,1,1,1,14.39.30,1,1,1,1,
1,2,1,1,1,1,1,2,2,1,1,1,2,1,1,1,1,3,1,1,1,14.39.01,2,1,1,1,
1,2,1,1,1,1,2,2,2,1,2,1,2,1,2,1,1,3,1,1,1,14.38.32,2,1,1,1,
1,2,4,1,3,1,4,2,2,1,4,1,2,1,3,1,3,3,4,1,1,14.37.58,2,2,1,1,
1,2,1,1,1,1,2,2,1,1,2,1,1,1,2,1,1,3,4,1,1,14.37.28,2,2,1,1,
1,2,1,1,1,1,1,2,2,1,1,1,2,1,1,1,1,3,1,1,1,14.36.53,2,2,2,1,
2,2,1,1,1,1,2,2,2,1,2,1,2,1,2,1,1,3,1,1,1,14.36.20,2,2,2,1,
2,2,3,1,3,1,1,2,1,1,3,1,1,1,4,1,3,3,4,2,2,14.35.48,0,2,2,2,
2,2,1,1,1,8,2,3,2,1,1,4,2,1,1,1,1,2,1,1,1,14.35.13,2,2,2,2,
2,3,3,1,3,8,2,3,2,1,3,4,2,1,3,1,3,3,3,1,1,14.34.42,2,2,2,2,
2,2,1,1,1,8,1,3,2,1,1,4,2,1,1,1,1,3,1,1,1,14.34.15,2,2,2,2,
2,3,1,1,1,8,1,3,3,1,1,4,2,1,1,1,1,3,1,1,1,14.33.41,2,2,2,2,
2,4,4,2,4,8,4,3,4,2,4,4,4,1,4,1,4,4,4,1,1,14.33.06,2,2,2,2,
2,2,1,1,1,8,1,3,2,1,1,3,2,1,1,1,1,3,1,1,1,14.32.29,2,2,2,2,
2,3,2,1,2,8,2,3,2,1,2,3,2,1,2,1,2,3,2,1,1,14.31.55,1,2,2,2,
2,3,3,1,3,8,2,3,2,1,3,3,2,1,3,1,3,3,3,1,1,14.31.20,2,2,2,2,
2,3,1,1,1,8,2,3,1,1,1,3,1,1,1,1,1,3,1,1,1,14.30.52,1,2,2,2,
2,3,4,1,3,8,1,3,1,1,4,4,1,1,4,1,4,3,4,1,1,14.30.19,1,2,2,2,
1,1,3,1,3,8,2,4,2,1,3,7,2,1,3,1,3,3,3,1,1,14.29.48,1,1,1,1,
1,1,4,1,3,8,4,4,2,1,4,7,2,1,2,1,3,2,4,1,1,14.29.14,1,1,1,1,
1,1,4,1,3,8,2,4,2,1,4,7,2,1,2,1,3,2,4,1,1,14.28.44,1,1,1,1,
1,1,3,1,3,8,2,4,3,1,3,7,1,1,2,1,3,2,4,1,1,14.28.11,1,1,1,1,
1,1,1,1,1,8,2,3,2,1,1,7,2,1,2,1,1,2,1,1,1,14.27.38,1,1,1,1,
1,1,1,1,1,8,2,3,2,1,1,7,2,1,2,1,1,2,1,1,1,14.27.06,1,1,1,1,
1,1,1,1,1,8,1,3,2,1,1,7,2,1,2,1,1,2,1,1,1,14.26.34,1,1,1,1,
1,1,4,1,3,8,4,3,1,1,4,7,1,1,2,1,3,2,4,1,1,14.26.00,2,2,1,1,
1,1,1,1,1,8,1,4,1,1,1,8,1,1,1,1,1,1,4,1,1,14.25.22,2,1,1,1,
1,1,2,2,2,8,2,5,2,1,2,8,2,1,2,1,2,1,2,1,1,14.24.45,2,2,2,1,
2,1,2,2,2,8,2,5,2,1,2,8,2,1,2,1,2,1,2,1,1,14.24.06,2,2,2,1,
2,1,1,2,1,8,1,5,2,1,1,8,2,1,1,1,1,1,1,1,1,14.23.37,2,2,2,2,
2,2,4,3,3,8,4,5,2,1,4,8,2,1,3,1,3,1,4,1,1,14.23.08,2,2,2,0,
2,1,1,2,1,8,2,5,2,1,1,8,2,1,1,1,1,1,1,1,1,14.22.38,2,2,2,2,
2,2,4,3,3,8,2,5,2,1,4,8,2,1,3,1,3,1,4,1,1,14.22.02,2,2,2,2,
2,1,1,2,1,8,1,5,1,1,1,8,2,1,1,1,1,1,1,1,1,14.21.29,2,2,2,2,
2,2,1,3,1,8,2,5,2,1,1,8,1,1,1,1,1,1,1,1,1,14.20.57,2,2,2,2,
2,3,4,3,1,8,1,5,1,1,4,8,1,2,1,1,3,1,3,1,1,14.20.20,2,2,2,2,
2,2,1,3,1,8,2,5,2,1,2,8,2,2,2,1,1,1,1,1,1,14.19.52,2,2,2,2,
2,2,1,3,1,8,1,5,2,1,1,8,1,2,1,1,1,1,1,1,1,14.19.20,2,2,2,2,
2,4,1,4,1,8,1,5,2,1,1,8,2,3,1,1,1,2,1,1,1,14.18.51,2,2,2,2,
2,5,4,4,3,8,4,5,2,4,4,8,2,3,3,8,3,3,1,1,1,14.18.16,2,2,2,2,
2,5,3,4,3,8,2,5,4,4,3,8,4,3,3,8,3,3,1,1,1,14.17.48,2,2,2,2,
2,5,4,4,3,8,2,5,2,4,4,8,4,3,3,8,4,3,4,1,1,14.17.10,2,2,2,2,
2,4,3,4,3,8,4,5,2,2,3,8,2,3,3,8,3,3,1,1,1,14.16.33,2,2,2,2,
2,4,4,4,3,8,2,5,2,2,4,8,4,3,3,8,3,3,4,1,1,14.15.59,2,2,2,2,
2,3,1,4,1,8,1,5,1,1,1,8,1,2,1,1,1,2,1,1,1,14.15.25,1,2,2,2,
2,4,4,5,3,8,2,6,2,3,4,8,2,4,3,8,3,3,1,1,1,14.14.49,1,1,2,2,
2,4,3,5,3,8,2,6,1,2,3,8,1,4,3,8,3,3,4,1,1,14.14.17,1,1,2,2,
2,4,1,5,1,8,1,6,2,2,1,8,2,4,1,8,1,3,1,1,1,14.13.48,1,1,1,2,
1,5,4,5,3,8,4,6,2,4,4,8,2,4,3,8,4,3,4,1,1,14.13.12,2,1,1,2,
1,4,1,5,1,8,2,6,2,3,2,8,2,4,1,8,1,3,1,1,1,14.12.39,2,1,1,2,
1,4,1,5,1,8,2,6,2,3,2,8,1,4,2,8,1,3,4,1,1,14.12.05,1,2,1,1,
0,4,1,5,1,8,2,6,2,3,1,8,2,4,1,8,1,3,1,1,1,14.11.33,2,2,0,1,
2,4,3,5,3,8,2,6,2,3,3,8,2,4,3,8,3,3,1,1,1,14.11.00,2,2,2,2,
2,4,3,5,1,8,1,6,1,3,3,8,1,4,1,8,3,3,1,1,1,14.10.31,2,2,2,2,
2,4,1,5,1,8,2,7,1,3,1,8,1,4,1,8,1,3,1,1,1,14.09.58,1,2,1,2,
2,5,1,5,1,8,1,7,2,4,1,8,2,5,1,8,1,3,1,1,1,14.09.25,2,2,2,2,
2,5,1,6,1,8,2,7,2,5,1,8,1,5,1,8,1,4,1,1,1,14.08.51,2,2,2,2,
2,6,1,6,1,8,2,7,2,6,2,8,2,5,1,8,1,4,1,1,1,14.08.14,2,2,2,2,
2,6,1,6,1,8,1,7,2,6,2,8,1,5,1,8,1,4,4,1,1,14.07.39,2,2,2,2,
2,6,1,6,1,8,2,7,2,6,2,8,2,5,1,8,1,4,1,1,1,14.07.03,2,2,2,2,
2,6,4,6,3,8,2,7,2,7,4,8,2,5,3,8,3,4,4,1,1,14.06.33,2,2,2,2,
2,6,1,6,1,8,2,7,2,6,1,8,1,5,1,8,1,4,1,1,1,14.06.03,2,2,2,2,
2,7,3,6,3,8,1,7,1,7,2,8,1,5,3,8,3,4,1,1,1,14.05.31,2,2,2,2,
2,7,1,6,1,8,2,7,2,8,1,8,2,5,1,8,1,5,1,1,1,14.04.59,2,2,2,2,
2,7,1,6,1,8,1,7,2,8,1,8,2,5,1,8,1,5,1,1,1,14.04.30,2,2,2,2,
2,8,4,6,4,8,4,7,3,8,4,8,4,6,4,8,4,6,4,1,1,14.03.56,2,2,2,2,
2,4,1,5,1,8,1,7,2,3,1,8,2,4,1,8,1,3,1,1,1,14.03.22,2,2,2,2,
2,7,4,6,3,8,2,7,2,8,4,8,2,5,3,8,3,6,1,1,1,14.02.48,2,2,2,2,
2,7,3,6,3,8,2,7,2,8,4,8,2,5,3,8,3,6,4,1,1,14.02.20,1,2,2,2,
1,7,4,6,3,8,4,7,2,8,4,8,4,5,3,8,4,5,4,1,1,14.01.43,1,0,0,2,
2,6,4,5,3,8,4,7,2,6,4,8,2,5,3,8,3,5,4,1,1,14.01.08,1,1,2,0,
1,5,1,5,1,8,1,7,1,5,1,8,1,5,1,8,1,5,1,1,1,14.00.39,1,1,1,1,
1,6,3,6,3,8,4,7,2,6,3,8,2,6,3,8,3,6,3,1,1,14.00.11,1,1,1,0,
1,6,4,6,3,8,2,7,2,6,4,8,2,6,3,8,4,6,4,1,1,13.59.38,1,1,1,1,
1,5,1,6,1,8,2,7,2,4,1,8,2,6,1,8,1,5,1,1,1,13.59.07,1,1,1,1,
1,6,1,6,1,8,1,7,2,5,1,8,2,6,1,8,1,5,1,1,1,13.58.30,1,1,1,1,
1,6,4,7,3,8,4,7,1,6,4,8,1,6,3,8,4,6,4,1,1,13.57.57,1,1,1,1,
1,5,1,6,1,8,1,8,2,5,1,8,2,6,1,8,1,5,1,2,2,13.57.19,0,1,1,1,
2,6,1,7,1,8,1,8,2,7,1,8,2,6,1,8,1,6,1,1,1,13.56.44,2,2,2,1,
2,7,1,7,1,8,2,8,2,8,1,8,4,6,1,8,1,6,1,1,1,13.56.11,2,2,2,2,
2,7,4,7,1,8,2,8,1,8,4,8,1,6,1,8,4,7,4,1,1,13.55.36,2,2,2,0,
1,6,1,7,1,8,1,8,1,7,1,8,1,7,1,8,1,7,1,1,1,13.55.01,2,2,2,1,
2,7,1,8,1,8,1,8,2,8,1,8,2,8,1,8,1,8,1,1,1,13.54.34,1,2,2,1,
2,7,4,8,3,8,4,8,2,8,4,8,2,8,3,8,3,8,4,1,1,13.54.01,1,2,2,2,
2,7,1,8,1,8,2,8,2,8,1,8,2,8,1,8,1,7,1,2,2,13.53.29,0,1,2,2,
2,7,1,8,1,8,1,8,1,8,1,8,1,8,1,8,1,8,1,1,1,13.52.53,2,0,2,2,
2,8,1,8,1,8,1,8,2,8,1,8,2,8,1,8,1,8,1,1,1,13.52.24,2,2,2,2,
2,8,4,8,3,8,4,8,2,8,4,8,4,8,3,8,3,8,3,1,1,13.51.51,2,2,2,2,
2,8,4,8,3,8,2,8,2,8,4,8,2,8,3,8,3,8,3,1,1,13.51.20,2,2,2,2,
2,8,3,8,3,8,4,8,4,8,1,8,4,8,1,8,3,8,4,1,1,13.50.44,2,2,2,2,
2,8,1,8,1,8,2,8,2,8,1,8,2,8,1,8,1,6,1,1,1,13.50.09,2,2,2,2,
2,8,3,8,3,8,2,8,2,8,3,8,2,8,3,8,3,6,3,1,1,13.49.34,2,2,2,2,
2,8,1,8,1,8,2,8,2,8,2,8,2,8,1,8,1,6,1,1,1,13.48.59,1,2,2,2,
2,8,1,8,1,8,1,8,3,8,1,8,2,8,1,8,1,6,1,1,1,13.48.26,2,2,2,2,
2,8,3,8,3,8,2,8,3,8,3,8,2,8,3,8,3,7,1,1,1,13.47.54,2,0,2,2,
2,8,2,8,2,8,2,8,3,8,2,8,2,8,2,8,2,7,1,1,1,13.47.16,2,2,2,2,
1,8,4,8,3,8,4,8,3,8,4,8,4,8,3,8,3,7,1,1,1,13.46.44,1,2,1,2,
1,8,3,8,3,8,2,8,2,8,3,8,2,8,3,8,3,7,3,1,1,13.46.15,1,1,2,0,
2,8,4,8,3,8,4,8,4,8,3,8,4,8,3,8,4,7,4,1,1,13.45.42,1,1,2,1,
2,7,1,8,1,8,1,7,2,8,1,8,2,8,1,8,1,5,1,1,1,13.45.07,1,1,1,2,
1,8,1,8,1,8,2,7,2,8,1,8,2,8,1,8,1,5,1,2,2,13.44.28,0,1,1,2,
1,8,4,8,3,8,2,7,2,8,4,8,2,8,3,8,3,5,4,1,1,13.43.56,0.5400000000000205,1,1,1,
1,8,4,8,3,8,4,7,2,8,4,8,2,8,4,8,4,5,4,1,1,13.43.19,0.38999999999987267,1,1,1,
1,6,1,8,1,8,1,7,2,8,1,8,2,8,1,8,1,4,1,1,1,13.42.43,0.2600000000001046,,1,1,
1,7,3,8,3,8,4,7,2,8,4,8,2,8,3,8,3,4,4,1,1,13.42.06,0.3700000000000614,,1,1,
1,1,2,1,1,1,8,2,1,2,1,2,2,1,1,1,5,1,1,1,15.19.08,1,1,1,1,,1.0
1,4,2,3,1,4,8,2,1,4,1,1,2,3,1,4,5,4,1,1,15.18.12,1,1,1,1,,1.0
1,1,2,1,1,1,8,2,1,1,1,1,2,1,1,1,4,1,1,1,15.17.26,1,1,1,1,,1.0
2,1,3,1,1,1,8,2,1,1,2,2,3,1,1,1,5,1,1,1,15.16.25,2,2,1,0,,0.0
3,4,4,4,2,1,8,1,1,4,2,2,4,4,8,4,6,3,1,1,15.15.55,2,2,1,0,,0.0
3,4,2,4,2,4,8,3,1,4,2,4,2,4,1,4,6,3,1,1,15.15.08,2,2,2,2,,2.0
2,4,1,4,1,1,8,2,1,4,1,4,1,4,1,4,6,3,1,1,15.13.52,2,2,2,1,,1.0
1,1,1,1,1,1,8,2,1,1,1,1,1,1,1,1,5,4,1,1,15.13.06,1,1,2,1,,1.0
2,4,1,3,1,1,8,2,1,4,2,2,1,3,1,3,5,3,1,1,15.12.20,1,2,1,1,,1.0
1,1,1,1,1,1,8,2,1,2,2,2,1,1,1,1,5,1,1,1,15.11.29,1,1,1,2,,2.0
1,1,1,1,1,1,8,1,1,3,2,1,1,1,1,3,5,1,1,1,15.10.45,1,1,2,1,,1.0
2,1,2,1,3,1,8,2,1,1,3,2,2,1,1,1,5,1,1,1,15.10.03,2,1,1,2,,2.0
2,4,3,4,3,4,8,2,1,4,3,2,2,4,1,4,6,4,1,1,15.08.48,2,1,1,2,,2.0
1,1,1,1,2,1,8,2,1,1,3,1,1,1,1,1,5,1,1,1,15.08.02,2304.45,2,1,1,,1.0
2,3,2,3,3,1,8,2,1,3,4,2,2,3,1,3,5,1,1,1,15.07.04,2385.0119999999997,2,1,1,,1.0
2,4,2,3,3,1,8,1,1,4,4,1,2,3,1,4,5,4,1,1,15.06.00,2302.92,,2,1,,1.0
1,4,2,2,4,1,8,2,1,4,4,2,2,2,1,3,5,4,1,1,15.05.16,2326.392,,2,1,,1.0
1,1,2,2,4,1,8,1,1,1,4,1,2,2,1,1,4,1,1,1,15.04.37,2343.0389999999998,,,2,,2.0
1,1,2,1,5,1,8,1,1,1,5,2,2,1,1,1,5,1,1,1,15.03.55,2301.22,,,1,,1.0
3,1,5,1,6,1,8,2,1,1,5,2,3,1,1,1,5,1,1,1,15.03.03,0.8099999999998886,,,,,['-']
3,4,5,3,6,1,8,2,1,4,5,1,3,3,1,3,6,4,1,1,15.02.25,0.8199999999999363,,,,,['-']
3,1,5,1,6,1,8,2,1,1,6,1,3,1,1,1,5,1,1,1,15.01.54,0.8200000000002206,,,,,['-']
4,3,5,3,7,1,8,2,1,3,6,2,4,3,1,3,6,1,1,1,15.01.19,0.5400000000000205,,,,,['-']
4,1,5,3,7,1,8,1,1,1,6,4,3,4,1,1,6,1,1,1,15.00.43,2,,,,,['-']
5,4,5,3,7,1,8,3,1,4,3,2,3,3,8,3,7,3,1,1,15.00.08,2,,,,,['-']
4,2,5,2,7,1,8,2,1,2,3,2,3,2,8,2,6,2,1,1,14.59.35,2,2,,,,['-']
4,3,5,3,7,1,8,2,1,4,3,2,3,3,8,3,6,3,2,2,14.59.04,0,2,,,,['-']
4,1,5,1,7,1,8,2,1,2,3,2,3,1,1,1,6,1,1,1,14.58.28,1,2,2,,,['-']
4,1,5,1,7,1,8,2,1,1,3,2,3,1,1,1,6,1,2,2,14.57.58,0,0,2,,,2
5,4,5,3,7,4,8,3,1,4,3,2,3,4,8,4,7,4,1,1,14.57.27,1,1,2,2,,2
5,4,6,4,1,1,1,3,8,4,1,4,6,4,8,4,7,4,1,1,15.41.22,2,2,2,2,,2
4,4,5,3,1,4,1,3,2,4,1,1,5,3,8,4,6,4,1,1,15.40.48,2,2,2,0,,0
3,1,5,4,1,1,1,1,1,4,1,4,4,4,8,2,6,1,1,1,15.40.17,1,2,1,1,,1
3,3,3,3,1,1,1,2,1,4,1,2,3,3,8,3,6,3,1,1,15.39.31,1,1,1,1,,1
3,4,3,4,1,4,1,1,1,4,1,2,3,4,8,4,6,4,1,1,15.39.00,1,1,2,1,,1
2,1,1,1,1,1,1,2,1,1,1,2,1,1,1,1,5,1,1,1,15.38.01,1,1,1,1,,1
2,1,2,1,1,1,1,2,1,1,1,2,2,1,1,1,6,1,1,1,15.37.21,1,1,1,1,,1
3,4,3,4,1,4,1,2,1,4,1,2,3,4,8,4,6,4,1,1,15.36.50,2,1,1,1,,1
3,1,2,1,1,1,1,1,1,3,1,2,2,2,1,1,6,4,1,1,15.36.06,1,1,1,1,,1
3,3,2,3,1,1,1,2,1,3,1,2,2,3,8,3,4,3,1,1,15.35.17,1,1,1,1,,1
3,3,2,3,1,1,1,1,1,4,1,1,2,3,8,3,4,4,1,1,15.34.23,1,1,1,1,,1
2,1,2,1,1,1,1,2,1,1,1,2,2,1,1,1,4,1,1,1,15.33.44,1,1,1,1,,1
3,3,2,3,1,1,1,2,1,4,1,2,2,3,8,3,4,3,1,1,15.32.51,2,2,2,1,,1
3,2,2,2,1,1,1,2,1,2,1,2,2,2,8,2,4,2,1,1,15.32.13,2320.8399999999997,1,2,1,,1
3,1,2,1,1,1,1,2,1,1,1,1,2,1,8,1,4,3,1,1,15.31.33,2355.397,2,2,1,,1
3,4,3,4,1,1,1,1,1,4,1,4,2,4,8,4,4,1,1,1,15.30.58,2321.62,,1,0,,0
2,1,1,1,1,1,1,2,1,1,1,2,1,1,1,1,4,1,1,1,15.30.08,2321.18,,1,2,,2
2,1,2,1,1,1,1,2,1,1,1,2,2,1,1,1,5,1,1,1,15.29.29,2319.52,,,1,,1
3,1,3,1,1,1,1,2,1,1,1,2,2,1,8,1,5,1,1,1,15.28.55,2319.2099999999996,,,0,,0
4,4,4,4,1,4,1,2,1,4,1,2,3,4,8,4,6,4,1,1,15.27.48,2319.52,,,,,['-']
4,4,3,4,1,1,1,2,1,4,1,2,3,4,8,4,6,4,1,1,15.27.10,2314.499,,,,,['-']
3,1,2,1,1,1,1,3,1,1,1,4,2,1,8,1,5,1,1,1,15.26.11,2360.019,,,,,['-']
3,1,3,1,1,1,1,1,1,1,1,1,3,1,8,3,6,4,1,1,15.25.27,2317.05,,,,,['-']
4,4,4,4,1,4,1,2,1,4,1,2,4,4,8,4,6,4,1,1,15.24.51,1,,,,,['-']
3,1,3,1,1,1,1,2,1,1,1,2,3,1,1,1,5,1,1,1,15.23.49,1,,,,,['-']
3,1,4,1,1,1,1,2,1,1,1,2,3,1,8,1,5,1,1,1,15.23.07,2,2,,,,['-']
4,4,4,4,1,4,1,2,1,4,1,4,4,4,8,4,6,4,1,1,15.22.30,2,1,,,,['-']
3,4,3,3,1,1,1,2,1,4,1,4,3,3,1,3,5,1,1,1,15.21.30,1,1,1,,,['-']
2,4,2,4,1,1,1,1,1,4,1,1,2,4,1,4,6,4,1,1,15.20.42,1,1,1,,,['-']
1,1,2,1,1,1,8,2,1,1,1,2,2,1,1,1,4,1,1,1,15.19.59,1,1,1,1,,1
4,4,4,4,1,4,8,4,1,4,1,1,3,4,8,4,5,4,2,2,16.06.26,0,1,1,1,,1
3,4,2,3,1,1,8,2,1,4,1,2,2,3,1,3,4,4,1,1,16.05.18,1,1,1,1,,1
2,1,2,1,1,1,8,2,1,1,1,2,2,1,1,1,4,1,1,1,16.04.01,1,1,1,1,,1
3,4,3,3,1,4,8,2,1,4,1,2,2,3,8,4,5,4,1,1,16.03.07,1,1,1,1,,1
2,4,2,4,1,4,8,2,1,4,1,4,2,4,1,4,5,4,1,1,16.02.02,1,1,1,1,,1
1,1,1,1,1,1,8,4,1,4,1,1,1,1,1,3,4,4,1,1,16.00.50,1,1,1,1,,1
1,1,4,2,1,1,1,4,1,1,1,1,3,2,1,3,3,1,1,1,16.00.00,1,1,1,1,,1
1,1,4,1,1,1,1,4,1,1,1,1,3,1,1,1,4,1,1,1,15.59.17,1,1,1,1,,1
4,4,5,4,1,1,1,3,1,4,1,1,5,4,1,4,6,4,1,1,15.58.33,1,1,1,1,,1
3,1,4,1,1,1,1,2,1,1,1,2,4,1,1,1,5,1,1,1,15.57.50,2,2,2,1,,1
4,2,5,2,1,1,1,2,1,2,1,2,4,2,1,2,5,2,1,1,15.57.06,2,2,2,2,,2
4,4,5,3,1,1,1,2,1,4,1,2,4,3,1,3,5,3,1,1,15.56.25,2,2,2,2,,2
3,1,5,1,1,1,1,1,1,1,1,4,4,1,1,1,5,1,1,1,15.55.36,2,2,2,2,,2
4,4,6,4,1,1,1,2,3,4,1,2,5,4,8,4,6,4,1,1,15.54.57,2343.3199999999997,2,2,2,,2
4,4,5,4,1,4,1,2,1,4,1,2,5,4,8,4,5,4,1,1,15.54.18,2401.5179999999996,2,2,2,,2
3,1,5,1,1,1,1,1,1,1,1,1,4,1,1,1,5,3,1,1,15.53.27,2341.75,,2,2,,2
4,1,6,1,1,1,1,2,1,1,1,2,5,1,8,1,5,1,1,1,15.52.10,2340.74,,2,2,,2
5,2,7,2,1,1,1,2,8,2,1,2,6,2,8,2,6,2,1,1,15.51.34,2333.645,,,2,,2
5,3,7,4,1,4,1,3,8,4,1,4,6,4,8,3,6,4,1,1,15.50.30,2339.91,,,2,,2
5,4,6,4,1,4,1,2,7,4,1,2,5,4,8,4,5,4,1,1,15.49.28,2339.2799999999997,,,,,['-']
4,4,5,4,1,4,1,2,3,4,1,2,4,4,8,4,5,4,1,1,15.48.50,2338.97,,,,,['-']
2,1,3,1,1,1,1,2,1,1,1,2,2,1,1,1,2,1,1,1,15.48.17,2338.74,,,,,['-']
4,4,5,3,1,1,1,2,1,4,1,2,4,3,8,3,5,4,1,1,15.47.34,2338.45,,,,,['-']
4,2,4,2,1,1,1,2,1,2,1,1,4,2,8,2,5,4,1,1,15.46.56,1,,,,,['-']
4,1,4,1,1,1,1,2,1,1,1,2,4,1,8,1,4,1,2,2,15.46.15,0,,,,,['-']
4,1,5,1,1,1,1,3,1,1,1,4,4,1,8,1,4,1,1,1,15.45.33,1,1,,,,['-']
5,1,6,1,1,1,1,2,5,1,1,2,5,1,8,1,6,1,1,1,15.44.33,1,1,,,,['-']
5,4,6,3,1,1,1,2,6,4,1,2,5,3,8,4,6,4,1,1,15.43.56,2,1,0,,,['-']
5,1,6,1,1,1,1,2,3,1,1,2,5,1,8,1,6,1,1,1,15.42.57,1,0,1,,,['-']
5,1,6,1,1,1,1,3,7,1,1,2,5,1,8,1,6,1,1,1,15.41.57,2,2,2,2,,2
1,1,1,1,1,1,8,4,1,4,1,1,1,1,1,1,4,1,1,1,16.35.27,1,2,2,2,,2
1,4,2,2,1,4,8,2,1,4,1,2,1,2,1,4,5,4,1,1,16.34.21,2,1,0,2,,2
1,1,2,2,1,1,8,2,1,1,1,2,1,2,1,1,4,1,1,1,16.33.05,1,1,1,2,,2
1,1,2,1,1,1,8,4,1,1,1,1,1,1,1,3,5,1,1,1,16.32.03,1,1,1,1,,1
2,1,2,1,1,1,8,4,1,1,1,1,2,1,1,1,5,4,1,1,16.31.01,2,1,1,2,,2
3,1,4,1,1,1,8,2,1,1,1,4,4,2,1,1,4,1,1,1,16.30.03,2,2,2,2,,2
3,4,4,3,1,4,8,2,1,4,1,2,4,3,1,4,4,4,1,1,16.29.11,2,2,2,2,,2
2,1,4,1,1,1,8,2,1,1,1,2,3,1,1,1,4,1,1,1,16.28.05,2,2,2,2,,2
3,3,4,3,1,1,8,2,1,4,1,2,4,3,1,3,4,3,1,1,16.27.08,2,2,2,2,,2
3,4,4,3,1,4,8,3,1,4,1,1,4,3,1,4,4,4,1,1,16.26.25,2,2,2,2,,2
2,1,4,1,1,1,8,4,1,1,1,4,3,1,1,1,3,1,1,1,16.25.21,1,2,2,2,,2
3,4,7,4,1,4,8,2,1,4,1,2,6,4,8,4,4,4,1,1,16.24.26,2,2,2,2,,2
1,1,5,1,1,1,8,3,1,1,1,1,4,1,1,1,2,1,1,1,16.23.40,2,2,2,2,,2
4,1,7,1,1,1,8,3,1,1,1,1,6,1,8,1,5,1,1,1,16.22.43,2383.8199999999997,2,2,2,,2
4,1,7,1,1,1,8,2,1,1,1,2,7,1,8,1,5,1,1,1,16.21.37,2323.774,2,2,2,,2
5,4,8,4,1,4,8,4,3,4,1,4,7,4,8,4,5,4,1,1,16.21.00,2381.81,,2,2,,2
3,1,7,1,1,1,8,2,1,1,1,2,6,1,8,1,4,1,1,1,16.19.48,2380.6299999999997,,2,2,,2
5,4,8,3,1,1,8,2,2,4,1,2,7,3,8,4,5,4,1,1,16.18.54,2379.49,,,2,,2
4,1,7,1,1,1,8,2,1,1,1,2,6,1,8,1,5,1,1,1,16.17.46,2378.24,,,2,,2
5,3,7,3,1,1,8,2,1,4,1,2,7,3,8,3,5,3,1,1,16.16.18,2397.2059999999997,,,,,['-']
4,1,7,4,1,4,8,1,1,1,1,1,6,4,8,2,5,4,1,1,16.15.44,2410.7119999999995,,,,,['-']
4,1,6,1,1,1,8,1,1,1,1,4,5,1,8,1,4,1,1,1,16.14.27,2375.2,,,,,['-']
5,4,6,4,1,4,8,2,1,4,1,2,6,4,8,4,5,4,1,1,16.13.37,2373.9599999999996,,,,,['-']
4,1,6,1,1,1,8,2,1,1,1,2,5,1,8,1,4,1,1,1,16.12.10,1,,,,,['-']
5,4,6,3,1,4,8,2,1,4,1,4,6,3,8,4,5,1,1,1,16.11.20,2,,,,,['-']
4,1,6,4,1,1,8,3,1,1,1,1,5,4,8,1,5,1,1,1,16.10.35,1,0,,,,['-']
5,4,4,4,1,4,8,1,1,4,1,2,4,4,8,4,5,4,1,1,16.09.57,1,1,,,,['-']
4,1,3,1,1,1,8,2,1,1,1,2,3,1,8,1,4,1,1,1,16.08.55,2,1,1,,,['-']
4,2,3,2,1,1,8,2,1,2,1,2,3,2,8,2,5,2,1,1,16.08.01,1,1,1,,,['-']
4,1,3,1,1,1,8,2,1,1,1,2,3,1,8,1,5,1,1,1,16.06.56,1,1,1,1,,1
2,1,7,1,1,1,8,2,1,1,1,2,1,1,1,1,5,1,1,1,17.14.13,1,1,1,1,,1
2,1,8,1,1,1,8,2,1,1,1,2,1,1,1,1,6,1,1,1,17.13.05,1,1,1,1,,1
2,4,8,4,1,4,8,2,1,4,1,2,1,4,1,4,6,4,1,1,17.12.13,1,1,1,1,,1
1,4,1,2,1,1,8,4,1,4,1,2,1,2,1,4,5,4,1,1,17.11.00,1,1,1,1,,1
1,1,1,2,1,1,8,2,1,1,1,2,1,2,1,1,4,1,1,1,17.09.45,1,1,1,1,,1
1,1,1,1,1,1,8,2,1,1,1,1,1,1,1,1,5,1,1,1,17.08.16,1,1,1,1,,1
2,2,8,2,1,1,8,1,1,2,1,2,1,2,1,2,5,1,1,1,17.07.23,2,2,1,1,,1
2,4,8,4,1,1,8,4,1,4,1,4,1,4,1,4,5,4,1,1,17.06.21,2,2,1,1,,1
1,4,1,2,1,1,8,2,1,4,1,2,1,2,1,4,5,4,1,1,17.05.01,2,1,2,1,,1
1,1,1,2,1,1,8,2,1,1,1,2,1,2,1,1,4,1,1,1,17.03.41,1,1,1,1,,1
1,1,1,2,1,1,8,2,1,1,1,1,1,2,1,1,4,1,1,1,17.02.18,1,1,1,1,,1
1,1,1,1,1,1,8,4,1,4,1,2,1,1,1,1,4,1,1,1,17.00.55,1,2,2,1,,1
1,3,7,2,1,4,8,2,1,3,1,2,1,2,1,3,5,3,1,1,16.59.43,1,1,1,1,,1
1,3,7,2,1,1,8,2,1,3,1,4,1,2,1,3,5,1,1,1,16.58.30,2391.8089999999997,1,2,2,,2
1,1,7,2,1,1,8,3,1,1,1,1,1,2,1,3,5,4,1,1,16.57.11,2223.174,1,1,0,,0
1,1,7,1,1,1,8,4,1,1,1,1,1,1,1,1,5,3,1,1,16.55.39,2419.9199999999996,,1,1,,1
2,1,8,1,1,1,8,2,1,1,1,2,2,1,1,1,4,1,1,1,16.54.13,2418.0299999999997,,0,1,,1
2,1,8,1,1,1,8,2,1,1,1,2,2,1,1,1,4,1,1,1,16.53.05,2435.806,,,2,,2
3,4,8,3,1,4,8,1,1,4,1,2,3,3,1,3,6,4,1,1,16.52.27,2322.564,,,2,,2
3,4,8,4,1,1,8,4,1,4,1,1,2,4,1,4,5,4,1,1,16.51.05,2414.83,,,,,['-']
2,4,5,3,1,4,8,2,1,4,1,2,1,3,1,4,4,4,1,1,16.49.43,2412.4799999999996,,,,,['-']
1,1,3,1,1,1,8,2,1,1,1,2,1,1,1,1,3,1,1,1,16.47.58,2258.5029999999997,,,,,['-']
1,1,4,1,1,1,8,4,1,3,1,1,1,1,1,1,4,1,1,1,16.46.48,2410.43,,,,,['-']
2,2,6,2,1,1,8,2,1,2,1,2,1,2,1,2,5,2,1,1,16.45.12,1,,,,,['-']
2,1,6,1,1,1,8,2,1,1,1,2,1,1,1,1,5,1,1,1,16.43.39,1,,,,,['-']
2,4,7,3,1,4,8,2,1,4,1,2,1,3,1,4,5,4,1,1,16.42.18,2,1,,,,['-']
2,4,4,1,1,1,8,4,1,4,1,1,1,1,1,4,5,4,1,1,16.40.57,2,2,,,,['-']
1,1,8,2,1,1,8,2,1,1,1,1,1,2,1,1,4,1,1,1,16.39.34,1,2,1,,,['-']
2,1,8,1,1,1,8,2,1,1,1,2,1,1,1,1,5,1,1,1,16.37.58,2,2,2,,,['-']
2,4,8,3,1,4,8,2,1,4,1,1,1,3,1,4,5,4,1,1,16.36.44,2,2,2,1,,1
6,3,8,3,1,4,8,1,4,3,1,4,8,3,8,3,7,1,1,1,17.35.33,2,0,2,2,,2
6,4,8,3,1,1,8,2,4,4,1,2,8,3,1,3,7,4,1,1,17.34.49,2,2,2,1,,1
5,4,8,3,1,4,8,2,3,4,1,2,8,3,1,3,7,3,1,1,17.34.11,2,1,1,1,,1
5,1,8,1,1,1,8,2,3,1,1,2,8,1,1,1,7,1,1,1,17.33.32,1,1,1,1,,1
5,4,8,3,1,1,8,2,3,4,1,2,8,3,1,3,7,4,1,1,17.32.49,1,0,1,1,,1
5,1,8,1,1,1,8,2,2,1,1,2,8,1,1,1,7,1,1,1,17.32.09,1,2,1,1,,1
6,4,8,2,1,1,8,2,5,4,1,2,8,2,8,3,8,4,1,1,17.31.27,1,1,1,1,,1
5,1,8,4,1,4,8,1,4,1,1,4,8,4,1,4,7,3,1,1,17.30.52,2,1,2,2,,2
6,4,8,2,1,4,8,1,5,4,1,4,8,2,1,4,7,4,1,1,17.30.16,1,1,1,1,,1
5,4,8,4,1,4,8,2,2,4,1,4,8,4,1,4,7,4,2,2,17.29.44,0,2,1,2,,2
4,1,7,1,1,1,8,2,1,1,1,2,7,1,1,1,6,1,1,1,17.28.57,1,1,1,1,,1
4,4,8,3,1,1,8,2,1,4,1,2,8,3,1,3,7,4,1,1,17.28.17,1,1,1,1,,1
4,4,8,4,1,4,8,2,1,4,1,2,7,4,1,4,7,4,1,1,17.27.39,1,1,1,1,,1
3,1,7,1,1,1,8,2,1,1,1,2,7,1,1,1,6,1,1,1,17.26.52,2436.3999999999996,1,1,1,,1
4,1,7,1,1,1,8,2,1,1,1,2,7,1,1,1,6,1,1,1,17.26.03,2478.109,1,1,1,,1
4,1,7,4,1,4,8,1,1,1,1,4,7,4,1,1,7,4,1,1,17.25.26,2435.87,,1,1,,1
4,4,7,3,1,1,8,2,1,4,1,2,7,3,1,3,5,4,1,1,17.24.50,2435.6299999999997,,1,1,,1
4,2,7,2,1,1,8,2,1,2,1,2,6,2,1,2,5,2,1,1,17.24.08,2435.13,,,1,,1
4,1,7,1,1,1,8,2,1,1,1,2,6,1,1,1,5,1,1,1,17.23.24,2434.9799999999996,,,1,,1
4,1,7,1,1,1,8,2,1,1,1,2,7,1,1,1,6,1,1,1,17.22.09,2434.3399999999997,,,,,['-']
5,4,7,2,1,1,8,2,2,3,1,2,7,2,1,3,6,3,1,1,17.21.31,2440.4539999999997,,,,,['-']
5,3,7,2,1,1,8,1,1,3,1,1,7,2,1,3,6,4,1,1,17.20.52,2584.5509999999995,,,,,['-']
5,4,7,4,1,4,8,1,1,4,1,4,7,4,1,4,5,4,1,1,17.20.22,2433.7999999999997,,,,,['-']
2,1,3,1,1,1,8,2,1,1,1,2,3,1,1,1,4,1,1,1,17.19.30,1,,,,,['-']
4,1,4,1,1,1,8,2,1,1,1,2,4,1,1,1,6,1,1,1,17.18.43,1,,,,,['-']
4,1,4,1,1,1,8,2,1,1,1,2,4,1,1,1,6,1,1,1,17.18.02,1,1,,,,['-']
4,4,4,3,1,4,8,2,1,4,1,2,4,3,1,3,6,4,1,1,17.17.27,1,1,,,,['-']
4,2,4,2,1,1,8,2,1,2,1,2,4,2,1,2,6,2,1,1,17.16.43,1,1,1,,,['-']
4,4,4,3,1,1,8,2,1,4,1,1,4,3,1,3,6,4,2,2,17.16.06,0,1,1,,,['-']
3,4,4,4,1,4,8,1,1,4,1,4,4,4,1,4,5,1,1,1,17.15.29,2,1,1,1,,1
4,4,6,3,1,1,8,2,2,4,1,2,6,3,1,3,3,4,1,1,17.59.00,2,2,2,2,,2
4,1,5,1,1,1,8,4,1,1,1,1,5,2,1,1,3,4,1,1,17.58.02,2,2,2,2,,2
4,1,6,1,1,1,8,2,1,1,1,2,5,1,1,1,3,1,1,1,17.57.05,2,2,2,2,,2
5,4,6,3,1,4,8,2,4,4,1,2,6,3,1,4,3,4,1,1,17.56.28,2,2,2,2,,2
4,1,5,1,1,1,8,1,1,1,1,2,5,1,1,1,3,1,1,1,17.55.28,2,2,2,2,,2
6,4,7,3,1,4,8,2,8,4,1,2,7,3,1,4,4,4,1,1,17.54.42,2,2,2,2,,2
5,1,7,1,1,1,8,2,6,1,1,2,7,1,1,1,4,1,1,1,17.53.48,2,2,2,2,,2
6,1,7,1,1,1,8,2,7,1,1,2,7,1,1,1,4,1,1,1,17.52.56,2,2,2,2,,2
6,1,7,1,1,1,8,2,7,1,1,2,7,2,1,1,4,1,1,1,17.52.03,2,2,2,2,,2
6,4,7,3,1,1,8,2,8,4,1,2,7,3,1,3,4,1,1,1,17.51.16,1,2,2,2,,2
6,1,7,1,1,1,8,1,7,1,1,4,7,1,1,1,5,1,1,1,17.50.25,2,2,2,2,,2
6,1,8,2,1,1,8,2,7,1,1,2,8,2,1,1,7,1,1,1,17.49.28,2,2,2,2,,2
7,4,8,2,1,4,8,3,8,4,1,4,8,2,1,1,8,1,1,1,17.48.56,2,2,2,2,,2
7,1,8,2,1,1,8,2,8,1,1,1,8,2,8,1,8,1,1,1,17.47.58,2456.21,2,2,2,,2
7,4,8,2,1,4,8,2,8,4,1,2,8,2,8,4,8,4,1,1,17.47.20,2455.6899999999996,2,2,2,,2
6,4,8,3,1,1,8,2,7,4,1,2,8,3,1,3,7,3,1,1,17.46.29,2506.3269999999998,,2,2,,2
6,1,8,3,1,4,8,1,7,1,1,4,8,3,1,1,7,1,1,1,17.45.52,2401.1890000000003,,2,2,,2
6,4,8,3,1,4,8,4,7,4,1,4,8,3,1,4,8,4,1,1,17.45.03,2450.1,,,2,,2
5,4,8,3,1,1,8,2,4,4,1,2,8,3,1,3,7,3,1,1,17.44.13,2449.08,,,2,,2
5,1,8,1,1,1,8,2,3,1,1,2,8,1,1,1,7,1,1,1,17.43.01,2448.6099999999997,,,,,['-']
6,2,8,2,1,1,8,2,6,2,1,2,8,2,8,2,8,2,1,1,17.42.17,2441.752,,,,,['-']
6,4,8,2,1,4,8,3,6,4,1,1,8,2,8,3,8,4,1,1,17.41.34,2563.097,,,,,['-']
6,4,8,1,1,4,8,1,5,4,1,4,8,1,1,3,7,3,1,1,17.40.39,2447.6699999999996,,,,,['-']
5,4,8,2,1,4,8,2,4,4,1,2,8,2,1,3,7,3,1,1,17.40.08,2,,,,,['-']
5,2,8,2,1,1,8,2,4,2,1,2,8,2,1,2,7,2,1,1,17.39.33,2,,,,,['-']
5,1,8,2,1,1,8,2,4,1,1,2,8,2,1,1,7,1,1,1,17.38.51,1,2,,,,['-']
5,1,8,2,1,1,8,2,4,1,1,2,8,2,1,1,7,1,1,1,17.38.14,2,2,,,,['-']
6,4,8,2,1,1,8,2,4,4,1,2,8,2,1,3,7,3,1,1,17.37.37,1,1,2,,,['-']
5,1,8,2,1,1,8,2,4,1,1,2,8,2,1,1,7,1,1,1,17.36.54,1,1,2,,,['-']
6,3,8,2,1,1,8,3,5,3,1,1,8,2,1,3,7,4,1,1,17.36.08,1,1,1,1,,1
2,4,1,1,1,1,8,4,1,4,1,1,1,1,1,4,4,3,1,1,18.26.20,1,1,1,1,,1
1,1,2,2,1,1,8,2,1,1,1,2,2,2,1,1,3,1,1,1,18.25.07,1,1,1,1,,1
1,1,2,2,1,1,8,3,1,1,1,1,2,2,1,1,4,1,1,1,18.23.53,2,1,1,1,,1
2,1,2,1,1,1,8,2,1,1,1,2,2,1,1,1,5,1,1,1,18.22.44,2,2,1,1,,1
3,2,2,2,1,1,8,2,1,2,1,2,2,2,1,2,6,2,1,1,18.22.04,2,2,2,2,,2
3,4,2,3,1,1,8,2,1,4,1,1,2,3,1,4,6,4,1,1,18.21.16,2,2,2,2,,2
2,4,2,1,1,1,8,4,1,4,1,1,2,1,1,3,5,4,1,1,18.20.25,2,2,2,1,,1
2,4,2,2,1,1,8,3,1,4,1,2,2,2,1,3,3,4,2,2,18.19.54,0,2,2,2,,2
2,1,2,2,1,1,8,2,1,1,1,2,2,2,1,1,3,1,1,1,18.18.51,1,2,2,2,,2
2,2,2,2,1,1,8,2,1,2,1,2,2,2,1,2,3,3,1,1,18.17.55,1,0,2,2,,2
2,1,2,2,1,1,8,2,1,1,1,2,2,2,1,1,3,1,2,2,18.16.51,0,1,2,2,,2
2,2,2,1,1,1,8,4,1,3,1,1,2,1,1,2,3,1,1,1,18.15.57,1,1,1,2,,2
2,1,4,1,1,1,8,2,1,1,1,2,4,1,1,1,4,1,1,1,18.15.14,2,2,2,2,,2
3,4,4,4,1,4,8,2,1,4,1,2,4,4,1,4,5,4,1,1,18.14.28,1180.0,1,1,1,,1
1,1,3,1,1,1,8,2,1,1,1,2,3,1,1,1,3,1,1,1,18.13.11,1080.0,2,2,2,,2
3,4,4,4,1,4,8,2,1,4,1,1,4,4,1,4,5,4,1,1,18.12.24,1030.0,,2,2,,2
2,1,4,1,1,1,8,2,1,1,1,2,4,1,1,1,4,1,1,1,18.11.37,684.3670000000001,,2,2,,2
3,4,4,3,1,4,8,4,1,4,1,1,4,3,1,4,5,4,1,1,18.10.50,790.0,,,2,,2
2,1,4,1,1,1,8,2,1,1,1,2,4,1,1,1,3,1,1,1,18.10.07,760.0,,,2,,2
3,4,5,4,1,4,8,2,1,4,1,1,4,4,1,4,4,4,1,1,18.08.55,760.0,,,,,['-']
2,1,4,1,1,1,8,2,1,1,1,1,4,1,1,1,1,1,1,1,18.07.49,620.0,,,,,['-']
3,1,5,1,1,1,8,2,1,1,1,2,4,2,1,1,3,1,1,1,18.06.52,234.70199999999977,,,,,['-']
3,1,5,1,1,1,8,4,1,1,1,1,5,1,1,1,3,1,1,1,18.05.50,340.0,,,,,['-']
4,4,6,3,1,4,8,2,1,4,1,2,6,3,8,4,4,4,2,2,18.05.08,0,,,,,['-']
3,1,6,1,1,1,8,2,1,1,1,2,5,1,1,1,3,1,2,2,18.04.12,0,,,,,['-']
3,4,6,4,1,4,8,2,1,4,1,4,6,4,1,4,3,4,2,2,18.03.13,0,0,,,,['-']
2,1,5,1,1,1,8,2,1,1,1,2,5,1,1,1,3,1,2,2,18.02.21,0,0,,,,['-']
3,3,5,3,1,4,8,2,1,3,1,2,5,3,1,3,3,3,2,2,18.01.43,0,0,0,,,['-']
3,1,5,3,1,1,8,4,1,1,1,1,5,3,1,1,3,3,1,1,18.00.43,1,1,1,,,['-']
4,1,5,1,1,1,8,4,1,1,1,1,5,1,8,1,3,1,1,1,17.59.48,2,2,2,2,,2
